employee_id,name,email,department,designation,salary,date_of_joining
E0001,Cynthia Brown,hernandeznathan@thornton.com,Finance,Analyst,57002.03,22-08-2022
E0002,Jenna Williams,jeffreyavila@garcia.net,HR,Developer,71837.89,01-05-2021
E0003,Julia Brown,frederick03@yahoo.com,HR,Analyst,113739.78,28-11-2024
E0004,Pamela Cruz,kevin07@bender.com,Marketing,Manager,67611.62,19-08-2018
E0005,Rachel Miller,jessica72@yahoo.com,HR,Analyst,99527,07-09-2020
E0006,Paul Castro,patelluke@hotmail.com,IT,Developer,56772.05,02-02-2017
E0007,Kayla Johnson,fwarner@hotmail.com,IT,Engineer,79684.38,16-09-2020
E0008,Sarah Lawrence,porterryan@holland.biz,Marketing,Developer,97858.19,23-03-2016
E0009,Clarence Cordova,monique59@fletcher.com,HR,Consultant,98282.54,05-07-2018
E0010,Molly Mack,aliciasullivan@gibson-ferguson.com,Sales,Developer,113122.03,04-06-2021
E0011,Christopher Davenport,gibsonmichelle@yahoo.com,HR,Manager,43192.25,24-03-2017
E0012,Philip Price,kristadavis@hotmail.com,HR,Developer,76475.36,17-07-2024
E0013,Michael May,stephanie70@hurst-foster.com,HR,Manager,89087.31,21-11-2017
E0014,Linda Graham,kennedypaula@nixon.com,Finance,Manager,52458.23,02-10-2023
E0015,Dennis Anderson,cchapman@yahoo.com,Sales,Developer,79471.94,24-03-2020
E0016,Olivia Sherman,josephmiller@yahoo.com,Marketing,Developer,108062.62,20-01-2019
E0017,Heather Daniel,itorres@jensen.com,Sales,Manager,87810.64,12-11-2024
E0018,Brian Hester,brandtbelinda@larson.biz,HR,Consultant,110199.55,14-03-2019
E0019,Jacob Rodriguez,aaronevans@roberts.com,Sales,Developer,52912.53,24-03-2022
E0020,Teresa Davis,owensderrick@hinton.com,IT,Analyst,107080.85,05-02-2024
E0021,Tammy Santana,hharris@gmail.com,HR,Manager,52742.49,03-08-2021
E0022,Aaron Martinez,rachelferguson@yahoo.com,Finance,Manager,44486.6,07-10-2018
E0023,Amanda Bennett,vmcdowell@hotmail.com,HR,Consultant,114797.42,04-02-2024
E0024,Elizabeth Espinoza,devinpayne@diaz.net,Sales,Analyst,84281.22,07-11-2023
E0025,Alexandra Romero,brodriguez@lane.info,HR,Engineer,44773.2,02-06-2024
E0026,Erin Dean,williammiller@garcia-tanner.biz,Sales,Consultant,45227.85,02-05-2017
E0027,Valerie Baird,brownmatthew@hotmail.com,IT,Manager,117664.69,17-03-2018
E0028,Haley Sweeney,robinsonjames@hotmail.com,HR,Analyst,50098.79,20-12-2018
E0029,Jessica Warner,richnichole@ford.com,Sales,Engineer,118509.88,05-03-2018
E0030,Christy Robinson,dbrock@johnston-rodriguez.org,Finance,Consultant,84643.07,17-08-2015
E0031,Charles Allen,michael81@long-jones.com,IT,Manager,50385.01,06-02-2022
E0032,Jared Clark,vrichards@yahoo.com,HR,Engineer,98417.15,09-10-2021
E0033,Dylan Bates,david05@gmail.com,HR,Engineer,73173.92,16-04-2021
E0034,John Rodriguez,robertsonbrittany@hotmail.com,IT,Consultant,111449.56,01-04-2022
E0035,Carl Johnson,robertamorgan@gonzalez-good.com,IT,Developer,108171.47,14-09-2015
E0036,Tyler Travis,bhall@yahoo.com,IT,Analyst,55036.92,16-07-2020
E0037,Billy Marquez,kenneth65@gmail.com,Sales,Consultant,118744.12,27-05-2023
E0038,Richard Williams,kristinacurry@hotmail.com,IT,Analyst,113856.07,25-05-2017
E0039,Ronald Garcia,krausejonathan@yahoo.com,Sales,Consultant,80932.7,02-09-2023
E0040,Clifford Doyle,amy52@hotmail.com,Marketing,Developer,74707.74,16-04-2024
E0041,Betty Romero,hernandezomar@davis.com,HR,Developer,40425.42,01-05-2021
E0042,Kendra Stephens,greenjennifer@hotmail.com,Marketing,Engineer,93865.48,11-03-2018
E0043,Brandi Proctor,kimberlysmith@vasquez-mayer.org,Finance,Manager,87736.41,28-12-2022
E0044,Jacqueline King,alexanderjackson@jackson.com,HR,Developer,80298.06,01-04-2019
E0045,David Gibson,jeffreymarshall@hotmail.com,Finance,Consultant,44611.4,31-05-2018
E0046,Kimberly Miller,estradachristopher@yahoo.com,IT,Manager,100969.27,19-09-2019
E0047,Bruce Walker,katrinahill@gmail.com,IT,Consultant,91142.82,06-09-2022
E0048,Stephen Flores,brooke67@murillo.com,Marketing,Consultant,75638.02,01-02-2016
E0049,Jason Ward,alvarezchristine@blair.com,IT,Consultant,65088.3,12-07-2023
E0050,Angela Green,erikacook@mueller-morales.org,Marketing,Analyst,80108.05,25-10-2021
E0051,David Martin,breanna29@hotmail.com,HR,Consultant,53104.7,20-03-2017
E0052,Adam Frank,brooke28@craig-shannon.com,IT,Developer,90814.26,08-02-2022
E0053,Rebecca Ryan,cjacobs@cole.biz,Sales,Analyst,66774.98,25-03-2015
E0054,Jasmine Clarke,lauraschmidt@henderson-rogers.com,Finance,Analyst,41162.32,13-08-2022
E0055,Dr. Sandra Wright,barbaracollins@yahoo.com,Finance,Developer,62227.79,20-10-2017
E0056,Charles Zimmerman,jacob08@tucker.net,IT,Consultant,52944.17,13-03-2020
E0057,Jamie Brown,allisonthompson@yahoo.com,IT,Engineer,110568.24,22-08-2016
E0058,Megan Henderson,benitezjoseph@perez.com,Finance,Developer,71761.82,26-10-2019
E0059,Nathaniel Campbell,stevensnicholas@giles.com,Marketing,Manager,107453.26,16-01-2022
E0060,Alexander Allen,montesjill@hotmail.com,Marketing,Consultant,78321.47,03-11-2021
E0061,Billy Alexander,boyerkaren@butler-juarez.net,Marketing,Consultant,52312.34,13-10-2015
E0062,Richard Herrera,johnsonmarcus@davis.com,IT,Analyst,81989.74,24-12-2022
E0063,Mallory Chen,hendersonjulie@arnold.com,HR,Analyst,43689.81,13-03-2025
E0064,Susan Johnson,jking@krause-watson.info,Sales,Analyst,59878.89,17-05-2023
E0065,Morgan Padilla,billortega@newman-villarreal.com,IT,Analyst,112442.06,13-03-2024
E0066,Melissa Snyder,rlozano@patel-parker.com,HR,Engineer,79087.29,17-09-2017
E0067,Christopher Holden,ohall@gmail.com,IT,Consultant,56800.38,09-06-2022
E0068,James Welch,reginasmith@chapman-smith.net,Marketing,Consultant,107594.18,05-05-2020
E0069,David Holmes,tammy38@hotmail.com,Marketing,Manager,88622.28,22-03-2021
E0070,William Taylor,guzmanjustin@webb-hess.biz,IT,Manager,115561.34,28-09-2019
E0071,Raymond Carroll,adrian09@miller.com,Finance,Developer,52345.55,28-12-2021
E0072,Melinda Webster,amanda69@yahoo.com,Marketing,Engineer,52313.32,31-12-2016
E0073,Jenny Carter,mcgeebarbara@hotmail.com,Sales,Consultant,87165.59,30-11-2023
E0074,Lisa Ray,benjaminalvarado@butler-conrad.org,IT,Engineer,57280,04-07-2016
E0075,Bryan Rodriguez,michellevalencia@romero.com,Sales,Manager,96711.83,23-05-2018
E0076,Luke Caldwell,mejiaadrian@yahoo.com,Finance,Consultant,70499.73,06-12-2019
E0077,Sara Meza,crodriguez@yahoo.com,Sales,Manager,64142.58,18-12-2019
E0078,Benjamin White,tiffany62@yahoo.com,HR,Manager,95283.27,18-04-2024
E0079,Rebecca Alexander,adamsharp@smith.biz,IT,Developer,87664.83,21-04-2024
E0080,Erik Lam,emcintyre@lewis.org,Finance,Analyst,113332.15,20-05-2018
E0081,Dana Palmer,smithrichard@gmail.com,Sales,Consultant,79133.71,31-10-2021
E0082,Elizabeth Moore,cbell@jackson-thompson.com,IT,Manager,111666.27,19-01-2016
E0083,Megan Sanchez,kelly62@strong.com,Sales,Consultant,98226.86,12-06-2017
E0084,Benjamin Ryan,fwalker@hotmail.com,Finance,Analyst,73507.73,06-04-2017
E0085,Richard Moran,emiller@hotmail.com,Finance,Engineer,85211.12,11-04-2022
E0086,Karen Rich,james33@peterson-williams.net,HR,Engineer,113856.72,05-03-2021
E0087,Lisa Santos,shannon62@lopez-king.com,HR,Analyst,58644.65,29-05-2021
E0088,Bethany Johnson,kathryn70@hotmail.com,HR,Engineer,80540.1,10-10-2015
E0089,Lisa Smith,lindseyyates@gmail.com,IT,Engineer,94514.22,12-11-2024
E0090,Laurie Gonzalez,johnstonmichael@yahoo.com,HR,Manager,114251.25,22-02-2017
E0091,Victoria Jordan,christopher68@yahoo.com,Marketing,Analyst,101129.07,01-06-2023
E0092,David Jackson,jacksonjames@hotmail.com,Finance,Manager,65281.33,12-07-2016
E0093,William Buck,angelafrye@gmail.com,IT,Analyst,109269.98,29-08-2023
E0094,Christina Peterson,hartjo@rodriguez.com,HR,Analyst,119328.4,24-08-2018
E0095,Derrick Byrd,wardjohn@wilson.com,Marketing,Manager,83539.65,30-11-2017
E0096,Randall Rowe,brittany17@wilkinson-ross.com,IT,Engineer,45668.87,30-12-2024
E0097,Jasmine Johnson,douglas44@warren.net,Marketing,Developer,44384.85,18-09-2019
E0098,Aaron Thomas,tinaerickson@hotmail.com,Sales,Consultant,95222.55,14-03-2018
E0099,Karen Prince,hwilliams@gmail.com,HR,Developer,73893.13,20-03-2024
E0100,Derek Wilson,deborahharris@lewis-solis.com,Marketing,Analyst,116306,23-08-2018
E0101,Wayne Leonard,dawn45@yahoo.com,Finance,Developer,108961.39,24-04-2023
E0102,Randall Hunt,ewilliams@lewis.info,Sales,Manager,89392.32,29-10-2024
E0103,Pam Garza,collinsmichelle@gmail.com,HR,Consultant,76129.61,26-03-2017
E0104,Julie Hall,johnsonhelen@fowler.com,IT,Consultant,101158.07,16-10-2017
E0105,Lisa Washington,silvabrandon@gmail.com,IT,Manager,85181.01,13-07-2017
E0106,Jason Torres,kathleen61@gmail.com,Marketing,Developer,49093.62,25-11-2016
E0107,Christina Gonzalez,michaelhunt@yahoo.com,IT,Manager,96260.91,08-07-2023
E0108,George Sullivan,jasmine88@rodriguez.com,Marketing,Manager,97702.35,28-07-2024
E0109,Hannah Fisher,karen62@gmail.com,IT,Manager,119846.98,06-06-2021
E0110,Andrew West,andrew92@gmail.com,Finance,Developer,49968.86,16-07-2018
E0111,Andrew Holmes,heatherwilson@hotmail.com,Marketing,Consultant,59071.08,10-09-2020
E0112,Misty Gonzales,brandysellers@gmail.com,Marketing,Analyst,70386.42,03-01-2021
E0113,James Nunez,kathleenjones@hotmail.com,Finance,Consultant,107479.02,21-11-2015
E0114,Andrew Lawson,allensharon@oconnor.com,IT,Consultant,51762.18,17-03-2020
E0115,Nicholas Johnston,utaylor@yahoo.com,IT,Engineer,61999.45,18-12-2016
E0116,Courtney Estrada,jasoncollins@hall-bowen.info,Finance,Manager,103111.57,28-09-2020
E0117,Hannah Hart,felicia23@hotmail.com,Marketing,Analyst,86114.25,29-12-2022
E0118,Peter Smith,paige89@sutton-macdonald.com,IT,Developer,81897.52,03-02-2023
E0119,Eric Morris,terri87@armstrong-berg.biz,IT,Engineer,101175.62,23-08-2023
E0120,Lynn Lopez,kristi54@yahoo.com,Sales,Analyst,114489.96,04-06-2021
E0121,David Lane,srobinson@andersen.net,HR,Analyst,90709.6,27-02-2021
E0122,Michael Haynes,matthewtorres@yahoo.com,HR,Engineer,118974.36,11-01-2017
E0123,William Lopez,alexis69@gmail.com,Sales,Analyst,54440.67,06-07-2020
E0124,Brian Dennis,pmendoza@miller-watts.com,Marketing,Analyst,119346.32,17-09-2023
E0125,Darius Frazier,douglasmichael@rogers.com,HR,Manager,79949.68,21-04-2024
E0126,Laura Hamilton,rkerr@yahoo.com,Marketing,Manager,48561.37,11-07-2024
E0127,Colleen Walter,john23@johnson.com,Sales,Engineer,91551.37,23-12-2023
E0128,Carol Ware,kempdenise@gmail.com,Finance,Engineer,85197.74,21-06-2018
E0129,Charles Sparks,crystalfox@lewis.com,Finance,Analyst,71432.69,03-11-2024
E0130,Steven Stewart,mmcdonald@george.net,HR,Manager,50759.22,17-10-2020
E0131,Brian Gordon,spencer55@wagner-ho.com,IT,Manager,78866.3,09-10-2021
E0132,Kristi Norris,veronica49@hotmail.com,HR,Engineer,56508.53,27-11-2020
E0133,Vincent Ramirez,wallacejeffery@gmail.com,HR,Developer,43133.32,29-10-2021
E0134,David Rodriguez,sullivanandrew@riley.info,IT,Developer,91307.41,07-10-2015
E0135,Sydney Romero,zmeyer@hotmail.com,Marketing,Consultant,105064.14,16-02-2021
E0136,Anthony Lee,toddgordon@hotmail.com,Finance,Engineer,59720.84,17-02-2019
E0137,Anna Adams,campbellisabel@martinez.com,Sales,Manager,99693.11,21-03-2024
E0138,Walter Young,mcclaindavid@carr-hicks.com,HR,Analyst,46832.74,08-11-2016
E0139,Eric Hardy,archerjordan@rush.com,HR,Analyst,94806.06,21-03-2016
E0140,Paul Moore,stewartdavid@williams-smith.info,Marketing,Engineer,41943.33,09-10-2018
E0141,Terry Carpenter,jacobryan@gmail.com,Sales,Engineer,60008.51,28-01-2020
E0142,Cindy Ware,scotttyler@carpenter.com,Finance,Engineer,64713.94,20-05-2019
E0143,Kelly Campbell,schultzeric@jackson-harrison.com,Finance,Developer,114143.36,22-03-2023
E0144,Elizabeth Mckinney,knightkaren@wood-acosta.org,HR,Developer,65518.62,04-08-2023
E0145,John Pitts,tannermichael@gmail.com,IT,Analyst,109064.11,30-10-2023
E0146,Samuel Morgan,joanbradford@vasquez.net,Finance,Analyst,104449.45,27-04-2017
E0147,Gary Norris,christerry@yahoo.com,Finance,Manager,42733.13,20-06-2018
E0148,Heather Morton,boyderic@hotmail.com,Sales,Developer,76518.87,18-04-2023
E0149,Christopher Lewis,michaeldaniels@yahoo.com,Finance,Developer,94331.06,13-02-2024
E0150,Matthew Porter,framirez@hotmail.com,Marketing,Engineer,74246.86,13-01-2025
E0151,Miranda Frye,rbarker@yahoo.com,IT,Engineer,111184.1,24-06-2016
E0152,Mr. Alejandro Dunn MD,wgraham@vaughn.com,IT,Consultant,76258.3,17-10-2023
E0153,Tammy Freeman,kimberlycarter@bennett.org,Sales,Manager,52701.6,12-06-2020
E0154,Nicholas Lewis,hparker@krueger-jones.com,Finance,Engineer,40346.87,07-04-2021
E0155,Michael Solis,kiaraarnold@spence.com,HR,Engineer,57729.49,14-02-2024
E0156,Terry Sweeney,jennifergutierrez@stevens.com,Sales,Consultant,100629.27,06-06-2024
E0157,Christopher Cooper,georgewebb@pittman-romero.com,Marketing,Developer,55641.82,23-01-2022
E0158,Richard Wall,jacksonbrandy@gmail.com,Marketing,Consultant,50785.8,29-08-2015
E0159,Michael Miller,brookemorales@gmail.com,Finance,Analyst,53504.37,28-12-2015
E0160,Frank Gibbs,courtneysims@yahoo.com,Finance,Engineer,99155.9,26-12-2023
E0161,Amanda Bates,rbell@hotmail.com,Marketing,Consultant,76363.49,09-01-2016
E0162,James Hill,tiffanymiller@morris-jefferson.com,IT,Analyst,115854.85,24-04-2022
E0163,Christopher Randolph,donaldnelson@hotmail.com,HR,Analyst,94430.46,23-03-2015
E0164,Pamela Cobb,ssanders@woods.com,Sales,Analyst,63173.26,21-09-2021
E0165,Tammy Hernandez,michael20@hotmail.com,IT,Analyst,77711.29,06-11-2023
E0166,Derek Contreras,gary43@yahoo.com,IT,Engineer,70460.06,22-01-2023
E0167,Vicki Ferguson,ehunter@rosario.com,IT,Analyst,73600.98,21-02-2020
E0168,Holly Lucas,sharpstacey@gmail.com,Sales,Engineer,109873.57,13-07-2015
E0169,Gary Greene,jonessharon@yahoo.com,Finance,Engineer,101920.67,28-02-2023
E0170,Amanda Mcdonald MD,louisosborn@lee.com,Sales,Engineer,90002.61,14-10-2017
E0171,Natalie Martinez,smithkelly@horton.com,Sales,Engineer,94505.23,26-03-2017
E0172,Madeline Mcgee,royhenderson@yahoo.com,HR,Engineer,61534.32,25-03-2016
E0173,Philip Jordan,kaitlin67@yahoo.com,Marketing,Manager,94688.04,29-12-2018
E0174,Alexandra Mitchell,kelly37@yahoo.com,HR,Developer,42177.78,20-07-2020
E0175,Amber Mcdaniel,tdavis@hotmail.com,Sales,Engineer,77934.64,07-09-2023
E0176,Timothy Carter,vwood@murphy.com,Marketing,Consultant,50717.1,31-05-2018
E0177,Robin Sampson,nathaniel10@gmail.com,HR,Analyst,41228.84,29-11-2023
E0178,Ricardo Bolton,adamsrhonda@hotmail.com,IT,Manager,61875.02,11-03-2016
E0179,Cody Mitchell,sellersaaron@gmail.com,Marketing,Consultant,41484.31,13-11-2024
E0180,Amanda Carroll,xrobinson@yahoo.com,Finance,Developer,108032.42,19-02-2020
E0181,Amy Nelson,bradley45@patton-peterson.org,Marketing,Developer,79782.19,03-12-2021
E0182,Laura Roth MD,vkeller@clark.com,Marketing,Consultant,98473.79,01-10-2022
E0183,Jamie Hernandez,valerie76@yahoo.com,Finance,Consultant,99248.32,19-06-2017
E0184,Douglas Johnson,jmiller@jackson.net,Marketing,Analyst,86105.04,12-08-2019
E0185,Brian Lawrence,herrerastacy@hotmail.com,HR,Analyst,114771.9,11-06-2017
E0186,Shaun Bennett,ychase@hotmail.com,HR,Manager,114923.77,10-10-2016
E0187,Debra Rose,dwarren@moore-bradshaw.com,Marketing,Engineer,112650.09,02-10-2015
E0188,Christina Gonzales,vmosley@adkins-miller.net,HR,Developer,70150.22,21-07-2017
E0189,William Jones,uschultz@gmail.com,HR,Consultant,55427.94,20-08-2019
E0190,Susan Fitzpatrick,kellylove@yahoo.com,Finance,Manager,70628.97,05-06-2021
E0191,Michelle Walker,vernondavis@gmail.com,Marketing,Analyst,65878,12-01-2020
E0192,Jessica Carter,michael45@bailey.com,Sales,Developer,115217.97,05-06-2024
E0193,Jennifer Robinson,sbenson@gmail.com,Sales,Engineer,110631.07,12-04-2016
E0194,Nathan Rodriguez,tiffany21@ryan.com,Sales,Manager,45319.02,04-06-2015
E0195,Adam Harris,terrinichols@hotmail.com,Sales,Consultant,58041.88,24-01-2017
E0196,Mark Castaneda,ericjones@yahoo.com,HR,Consultant,116271.62,02-11-2017
E0197,Amanda Green,davismelvin@ochoa.com,HR,Engineer,46605.76,26-09-2017
E0198,Nancy Martin,pamelacollins@fletcher.com,HR,Manager,90049.93,02-01-2025
E0199,Bryan Martin,mary09@lee.com,Marketing,Engineer,68998.1,01-10-2019
E0200,Catherine Jacobs,billy16@hotmail.com,IT,Developer,67283.76,17-07-2015
E0201,Brian Moore,kayleeharvey@beltran.com,IT,Engineer,70360.5,27-07-2024
E0202,Dr. Justin Vincent,dfloyd@gmail.com,Finance,Engineer,98537.86,01-08-2022
E0203,Edward Leonard,austin39@hotmail.com,HR,Consultant,68230.19,02-06-2020
E0204,Wanda Whitaker,timothyfrey@yahoo.com,Sales,Engineer,40408.69,10-11-2017
E0205,Monica Zamora,kristinaday@hotmail.com,Finance,Analyst,109765.57,11-11-2017
E0206,Michael Crosby,mcdowellpatricia@gmail.com,Finance,Engineer,105849.89,22-10-2022
E0207,Christopher Miles,margaret93@hotmail.com,Finance,Developer,82082.35,02-03-2022
E0208,Emily Lewis,christopher24@yahoo.com,HR,Analyst,64134.32,01-09-2017
E0209,Edward Miller,awhitehead@ortiz.com,Marketing,Consultant,91596.03,23-02-2016
E0210,Madison Decker,parkercindy@hotmail.com,Marketing,Manager,78929.93,02-01-2017
E0211,Sydney Martin,ataylor@schneider.com,Sales,Analyst,105295.24,07-04-2024
E0212,Robert Kelley,rebekah79@yahoo.com,Sales,Analyst,62810.5,19-10-2015
E0213,Roberta Frazier,johnsonwilliam@yahoo.com,IT,Consultant,57162.37,26-03-2018
E0214,Bradley Jacobs MD,karenaguirre@hebert-allen.com,Marketing,Developer,102975.8,10-03-2019
E0215,Jose Williams,shannonmartinez@griffin.com,IT,Developer,52291.77,12-03-2025
E0216,Deborah Daugherty,abush@gmail.com,IT,Consultant,114559.36,14-02-2024
E0217,Matthew Wallace,roger13@friedman.biz,HR,Developer,64028.08,19-04-2021
E0218,Jason Rivera,monica79@hoffman-cantrell.info,Finance,Developer,44874.77,04-04-2021
E0219,Brenda Moreno,kyle14@lang.com,IT,Manager,109643.35,22-11-2023
E0220,Jeffrey Herrera,dlawson@estrada.com,Finance,Engineer,80405.51,19-02-2025
E0221,Danielle Garcia,douglas09@hotmail.com,Marketing,Analyst,100260.36,16-03-2023
E0222,Daniel Watts,kimberly19@lynch-orozco.biz,Finance,Analyst,47022.26,18-05-2022
E0223,Hannah Maynard,sherrybowman@perez-austin.com,HR,Developer,96649.6,14-05-2017
E0224,Bobby Harris,yolanda47@leonard.com,HR,Engineer,70372.36,04-04-2022
E0225,Scott Clark,ljones@yahoo.com,Sales,Engineer,104613.73,15-09-2020
E0226,Katrina Barker,evanbush@hotmail.com,Sales,Manager,70143.71,12-06-2019
E0227,Tiffany Higgins,riveraangela@harper.biz,Finance,Manager,44681.36,29-05-2024
E0228,Antonio Walker,jstewart@hotmail.com,Finance,Developer,69207.88,01-04-2015
E0229,Renee Huff,vwalters@crosby.com,IT,Consultant,89207.73,26-06-2019
E0230,Natasha Hall,tammybrown@yahoo.com,IT,Developer,117411.78,01-01-2025
E0231,Lisa Cain MD,nortonrebecca@jordan.org,Sales,Consultant,95792.76,13-01-2024
E0232,Michael Page,uroberts@sherman-hunt.org,Marketing,Engineer,96767.4,16-04-2017
E0233,Tina Herrera,amcdonald@hotmail.com,Sales,Developer,92372.24,27-05-2022
E0234,Paul Diaz,jamesmclean@hotmail.com,IT,Engineer,46037.1,16-08-2016
E0235,Martha Klein,riosjason@smith.com,Marketing,Developer,40022.9,02-07-2020
E0236,Michael Johnson,barronwyatt@hotmail.com,HR,Analyst,43112.14,15-04-2024
E0237,Anna Meza,danielkelly@perez.com,HR,Manager,53295.28,04-07-2016
E0238,Michael Guzman,kennethbrewer@yahoo.com,Finance,Consultant,108377.99,24-02-2018
E0239,Amber Holland,anthony27@yahoo.com,IT,Analyst,83513.9,20-05-2016
E0240,Joseph Moreno,matthewhorton@thomas-clark.com,Finance,Developer,63145.02,17-09-2024
E0241,Alexandra Hall,julie91@brooks.com,Marketing,Engineer,86735,28-06-2022
E0242,Christopher Jackson,elizabeth82@gmail.com,Sales,Developer,67772.54,16-08-2016
E0243,James Hampton,trujillodean@riley.biz,Sales,Engineer,117936.73,04-10-2021
E0244,Michael Larsen,yangtodd@larson-bernard.org,IT,Analyst,112733.02,08-06-2016
E0245,Catherine Rodriguez,donaldgonzales@barrera.biz,Finance,Consultant,98767.64,22-07-2021
E0246,Elizabeth Powers,darrenmoore@hotmail.com,Marketing,Consultant,63652.08,23-07-2021
E0247,Benjamin Gonzalez,johnsonelizabeth@hotmail.com,HR,Engineer,67060.1,12-11-2015
E0248,Mr. Carlos Davis PhD,joseph26@soto-ballard.com,HR,Engineer,111101.06,27-06-2023
E0249,Elizabeth Wise,edwinsmith@yahoo.com,Sales,Analyst,40283.76,07-02-2016
E0250,Steven Zavala,ocastro@warner.com,Sales,Manager,59188.54,19-01-2025
E0251,Thomas Hernandez,kimberly82@hotmail.com,HR,Analyst,52883.29,28-04-2017
E0252,Heather Johnston,amanda57@santos-patterson.com,Sales,Consultant,59480.85,29-12-2021
E0253,Scott Dunn,martinezchristopher@gmail.com,HR,Analyst,93775.37,05-05-2016
E0254,Kimberly Combs,xsimon@charles.com,Sales,Developer,81696.01,09-10-2019
E0255,Rebecca Humphrey,smithamy@long.com,Finance,Engineer,108408.29,26-08-2021
E0256,Eugene Thomas,fmurphy@harris.org,IT,Consultant,43530.68,07-08-2022
E0257,Robert Case Jr.,jim49@swanson.org,Sales,Engineer,55889.45,22-04-2022
E0258,Kayla Kennedy,nicolegibson@rush.info,Finance,Manager,64574.42,07-05-2020
E0259,George Garrison,ujohnson@hotmail.com,Marketing,Engineer,63194.23,15-11-2019
E0260,Kevin Campbell,rcruz@finley.com,Sales,Analyst,50956.77,19-12-2015
E0261,Christopher Werner,vhart@gmail.com,Sales,Analyst,73418.93,01-12-2023
E0262,Carlos Lopez,lauren76@ali.net,HR,Manager,75531.7,04-09-2016
E0263,Allison Weaver,melinda12@gmail.com,Finance,Analyst,59160.4,27-07-2021
E0264,Tammy Mason,pholland@gmail.com,Marketing,Developer,63874.47,03-06-2020
E0265,Kyle Wilson,haleyjay@hotmail.com,HR,Developer,112196.57,12-03-2019
E0266,Traci Mann,upeterson@tanner.com,Marketing,Analyst,98585.66,18-10-2024
E0267,Steven Kennedy,whitenoah@yahoo.com,Sales,Consultant,79718.56,28-09-2021
E0268,Justin Miller,tiffanychavez@yahoo.com,IT,Engineer,92737.45,12-06-2015
E0269,Michael Ross,davisvicki@alvarado-burton.biz,HR,Engineer,69962.91,22-05-2015
E0270,Jeffrey Cook,smithedward@foster.net,HR,Consultant,110478.28,07-03-2017
E0271,Heather Clark,jesse06@yahoo.com,HR,Developer,91685.51,02-04-2024
E0272,Erin Lane,garrettvictoria@roberts.com,IT,Developer,65949.94,11-11-2017
E0273,Brittany Vega,tiffany09@gmail.com,Finance,Engineer,59655.97,16-04-2016
E0274,Antonio Thomas,cpham@diaz.com,IT,Analyst,80130.93,22-10-2020
E0275,Kevin Anderson,schultzcharles@harris-juarez.net,Finance,Analyst,80171.19,01-03-2023
E0276,Susan Peterson,shawn70@king-fry.org,HR,Consultant,108108.15,28-12-2023
E0277,Kevin Scott,ericpatterson@gmail.com,HR,Developer,61869.16,15-04-2023
E0278,Joe Martinez,shelby71@avila.com,Sales,Engineer,71797.55,15-11-2016
E0279,Kevin Fox,freemanhoward@yahoo.com,Sales,Analyst,94160.05,11-09-2020
E0280,George Anderson,dawsoneric@hotmail.com,Marketing,Analyst,84886.52,07-04-2018
E0281,Laura Martin,williamcox@rivas.com,Finance,Consultant,84368.25,05-02-2016
E0282,Dwayne Chavez,ppatton@gmail.com,Sales,Engineer,68888.4,19-03-2019
E0283,Mary Perry,carrillomatthew@gmail.com,Sales,Manager,95551.91,22-03-2023
E0284,Bryan Mccarty,ryan53@everett.com,Finance,Engineer,108490.18,24-11-2018
E0285,Spencer English,jason99@short.info,Sales,Analyst,56256.32,11-01-2018
E0286,Casey Lucas,murphydarlene@baker.com,Sales,Manager,50420.36,21-10-2020
E0287,Monique Pierce,dillonjane@smith.com,Finance,Analyst,78707.27,28-09-2021
E0288,Christina Marshall,wwilson@jackson-williams.com,IT,Manager,84171.55,18-04-2021
E0289,Anna Taylor DDS,karenhester@gmail.com,Sales,Developer,116633.15,05-05-2021
E0290,William Moore,vvillarreal@hotmail.com,Marketing,Engineer,69525.38,13-01-2019
E0291,Sarah Zuniga,ryangreen@hotmail.com,HR,Analyst,78740.64,07-01-2021
E0292,Larry Kennedy,webbnatalie@hotmail.com,IT,Developer,58169.71,04-05-2015
E0293,Brandon Jones,mcox@yahoo.com,Marketing,Consultant,94420.2,05-02-2025
E0294,Stanley Davidson,coxjulie@yahoo.com,Finance,Analyst,46285.2,28-04-2023
E0295,Allison Castaneda,xedwards@hotmail.com,HR,Developer,87172.36,14-03-2022
E0296,Douglas Hernandez,hernandezsandra@hotmail.com,HR,Analyst,104699.07,16-02-2022
E0297,Lori Reilly,christiantorres@yahoo.com,Finance,Manager,49668.49,06-12-2024
E0298,Valerie Miller,zanderson@moore.com,IT,Analyst,68943.63,06-11-2016
E0299,Douglas Vargas,richard04@lopez-webb.com,IT,Consultant,74968.78,08-07-2016
E0300,Dakota Smith,rachelvega@hotmail.com,Marketing,Consultant,88200.12,22-02-2017
E0301,Lauren Farley,brandon77@hotmail.com,Finance,Manager,55206.29,25-04-2020
E0302,Darlene Joseph,david32@hotmail.com,Finance,Engineer,54384.34,23-06-2019
E0303,Albert Scott,kenneth32@hotmail.com,IT,Consultant,80397.26,11-01-2021
E0304,Susan Grimes,melissabaldwin@gmail.com,Marketing,Analyst,115475.67,29-10-2021
E0305,Carrie Lopez,sarataylor@graham.com,Sales,Engineer,84586,02-11-2015
E0306,Ronald Martinez,hojessica@gmail.com,HR,Engineer,117788.29,05-02-2023
E0307,Michael Garcia,rileycampbell@dunn-lloyd.com,IT,Developer,70737.97,06-12-2021
E0308,Julie Berry,kristen37@osborne.com,Finance,Manager,51048.8,16-08-2021
E0309,Colleen Ruiz,christopher17@yahoo.com,Finance,Developer,115724.08,06-03-2022
E0310,Peter Potts,susanjohnson@yahoo.com,Sales,Developer,79664.64,18-05-2017
E0311,Jessica Hill,robinsonheather@guzman.com,IT,Engineer,88556.77,30-04-2020
E0312,Deborah Cobb,palmerstephanie@gmail.com,HR,Analyst,71849.41,28-04-2016
E0313,Mrs. Stephanie Newman MD,ericdavis@ware.org,HR,Consultant,65596.78,31-12-2019
E0314,Jonathan Randall,sheryldavila@davis.com,Finance,Engineer,52588.42,18-10-2020
E0315,Shannon Byrd,hopkinsmatthew@morris.com,HR,Analyst,48939.78,16-12-2020
E0316,Bailey Lane,ryan27@gmail.com,HR,Developer,80206.64,13-07-2022
E0317,Amanda Villanueva,pburgess@hotmail.com,Sales,Developer,109976.42,20-03-2015
E0318,Melissa King,shannonnelson@gmail.com,HR,Engineer,78598.81,02-02-2021
E0319,Frederick Wallace,fbradley@gmail.com,Finance,Consultant,47080.59,30-05-2020
E0320,Tamara Evans,anthony75@brown-murray.com,Sales,Engineer,73214.15,04-11-2022
E0321,Seth Hardy,adam84@brown-jackson.com,Marketing,Analyst,110207.81,06-02-2021
E0322,James Rowe,tracyortiz@yahoo.com,Sales,Engineer,113418.4,03-08-2022
E0323,Sarah Sullivan,gatesmichael@yahoo.com,HR,Developer,112399.37,13-04-2018
E0324,Brittany Martin,pateljeffrey@miller-pierce.com,IT,Consultant,89037.21,16-11-2017
E0325,Samantha King,poolecharlotte@hotmail.com,HR,Manager,63478.74,12-02-2021
E0326,Eric Foster,afisher@gmail.com,HR,Consultant,115983.7,08-04-2017
E0327,Linda Davidson,gonzalesdavid@gmail.com,Finance,Manager,98478.56,19-07-2015
E0328,Jacob Taylor,sjohnston@yahoo.com,IT,Engineer,104342.51,21-06-2016
E0329,Michael Erickson,ellistracy@gmail.com,IT,Engineer,56717.15,22-10-2022
E0330,Timothy Dean,riveracheryl@yahoo.com,Sales,Analyst,66383.81,13-10-2015
E0331,Susan Mckinney MD,jpatterson@davis.com,HR,Developer,81736.41,08-11-2016
E0332,Joseph Byrd,emily99@yahoo.com,Marketing,Engineer,52231.71,20-06-2023
E0333,Jennifer Perkins,lopezlindsey@hotmail.com,Marketing,Developer,76322.43,01-09-2018
E0334,Julie Hansen,bjohnson@gmail.com,IT,Analyst,45555.96,26-10-2015
E0335,Julian Zimmerman,steven28@hotmail.com,Marketing,Consultant,52629.07,14-09-2022
E0336,Christopher Pierce,steven41@kane.com,Sales,Engineer,61340.67,01-07-2018
E0337,Tanya Henderson,ndean@lloyd.org,HR,Engineer,80570.94,27-06-2017
E0338,Kathryn Oliver,aayala@everett.biz,Marketing,Analyst,76178.15,22-04-2020
E0339,Emily Kelly,montoyayvette@gmail.com,Sales,Engineer,117567.54,08-07-2015
E0340,Wendy Davis,marvinflores@pennington.com,Marketing,Manager,112403.46,05-04-2022
E0341,Teresa Hayes,xbrown@white.com,Finance,Developer,62238.48,25-05-2018
E0342,Tina Clark,fhunter@carter-decker.com,Finance,Analyst,82448.8,04-04-2019
E0343,Tammy Decker,ruizgeorge@gmail.com,HR,Developer,91188.16,06-08-2022
E0344,Whitney Rogers MD,ysherman@mccoy-hernandez.com,IT,Developer,89622.65,24-10-2023
E0345,Samantha Burns,thomas53@yahoo.com,Sales,Analyst,91753.52,04-04-2022
E0346,Stephanie Lewis,whoffman@reilly.biz,Finance,Consultant,91374.38,24-06-2024
E0347,Mary Walker,bchristian@glover-gray.biz,Sales,Consultant,111292.25,29-12-2016
E0348,Kathleen Edwards MD,rellis@obrien.com,Sales,Engineer,91478.62,10-10-2018
E0349,Darrell Hill,larrybest@yahoo.com,Finance,Developer,67176.62,20-07-2015
E0350,Barbara Moore,lfuentes@gmail.com,Finance,Manager,83379.11,07-08-2022
E0351,Angel Anderson,saraherrera@potter-cannon.org,IT,Engineer,78737.99,09-07-2017
E0352,Michael Williams,rpierce@hotmail.com,Marketing,Analyst,110933.57,26-02-2021
E0353,Randy Nelson,elizabeth91@morales.com,Sales,Manager,117787.25,08-05-2019
E0354,Michelle Holmes,philipwilliams@gmail.com,HR,Engineer,95070.09,04-08-2021
E0355,Carly Smith,brooksjennifer@yahoo.com,IT,Developer,77653.68,20-12-2020
E0356,John Barnes,robert60@yahoo.com,Marketing,Analyst,80966.87,06-01-2019
E0357,Amy Jones,heathpaul@hotmail.com,Finance,Engineer,53410.89,09-01-2021
E0358,Rebecca Oneal,brownryan@hotmail.com,IT,Engineer,100872.54,04-11-2020
E0359,Kelly Holt,graymary@ross-klein.com,IT,Developer,85519.7,05-02-2025
E0360,Virginia Garner,qfranklin@hotmail.com,Finance,Consultant,71096.23,27-03-2021
E0361,Tracy Gibson,kristinarobinson@thornton.com,Marketing,Consultant,44835.33,30-07-2024
E0362,Anne Warner,nelsonjames@brooks.org,Marketing,Developer,47734.5,29-06-2016
E0363,Rachel Shaw,vnguyen@gmail.com,IT,Analyst,108390.46,25-03-2016
E0364,Mark Harrington,piercethomas@george.com,Finance,Engineer,42514.51,06-12-2015
E0365,David Madden,dcooper@brown-brown.org,HR,Consultant,114995.27,16-12-2019
E0366,Gregory Diaz,jeffreymcbride@yahoo.com,Marketing,Engineer,107565.45,11-11-2016
E0367,Jamie Thompson,colleenperkins@gmail.com,Sales,Consultant,50703.1,16-11-2022
E0368,Dean Keller,garciagregg@carter-johnson.info,Finance,Engineer,90290.01,13-03-2016
E0369,Kristen Brown,joshua47@garcia.biz,IT,Consultant,65339.87,07-05-2018
E0370,Jill Powell,wilkersontracey@yahoo.com,Sales,Developer,89169.47,07-12-2024
E0371,Jordan Morrow,eestrada@mayo-gross.org,Marketing,Consultant,72217.57,13-09-2024
E0372,Kathryn Williams,ehernandez@gmail.com,Sales,Consultant,114194.73,17-01-2020
E0373,Kenneth Davenport,czimmerman@smith.com,HR,Developer,92502.02,05-05-2016
E0374,Melissa Coleman,christina39@melendez.com,IT,Analyst,103833.25,18-11-2019
E0375,Darryl Best,willismelissa@davis.com,IT,Consultant,94922.02,15-04-2022
E0376,Juan King,joshua52@gmail.com,Finance,Analyst,104194.59,17-10-2018
E0377,Traci Carroll,christopher48@bell-bradley.biz,IT,Developer,68323.74,06-02-2022
E0378,Joseph Wright,kristinadrake@welch-ryan.com,Marketing,Engineer,107651.51,18-07-2022
E0379,Travis Burton,smithaaron@crawford.com,HR,Developer,44031.35,12-08-2023
E0380,Patrick Ramirez,alicia00@yahoo.com,Marketing,Analyst,114427.46,14-03-2021
E0381,Stephen Brandt,oscarwallace@hotmail.com,Marketing,Engineer,110080.23,12-07-2024
E0382,Kimberly Johnson,charles68@yahoo.com,HR,Developer,61311.89,27-09-2023
E0383,Veronica Bennett,donna97@hotmail.com,Finance,Consultant,116168.98,24-06-2017
E0384,James Allen,colekelly@yahoo.com,Finance,Consultant,106654.44,28-11-2016
E0385,Marisa English,thomasjennifer@sanders.biz,Finance,Developer,84852.05,17-01-2019
E0386,Matthew Dickson,courtney91@taylor.com,HR,Developer,109778.87,23-04-2022
E0387,Erik Young,josephgarcia@hotmail.com,Marketing,Manager,94094.04,03-11-2018
E0388,Kelly Brown,upowers@shannon.biz,HR,Consultant,114273.84,31-10-2018
E0389,David Bush,abryant@gmail.com,IT,Engineer,113538.47,27-10-2016
E0390,Aaron Gibbs,robert94@carr.com,Marketing,Developer,45239.94,29-04-2015
E0391,James Frederick,gaguilar@dickson.com,Sales,Engineer,72614.75,08-04-2023
E0392,Danielle Andrews,delliott@hotmail.com,HR,Developer,89644.31,03-10-2019
E0393,Lindsay Ellis,heather37@norris-vasquez.com,Sales,Analyst,95537.65,03-09-2016
E0394,Brandi Key,caleb96@avila.com,HR,Manager,41986.46,16-12-2021
E0395,Heidi Porter,jasminewilliamson@moreno-welch.com,Sales,Consultant,52139.43,09-01-2016
E0396,Mikayla Morales,warrenemily@robinson-smith.com,Sales,Developer,55476.65,05-04-2023
E0397,Kimberly Massey,ytate@perez-barnes.com,Finance,Manager,75640.43,27-09-2023
E0398,Tracey Harris,carterjeremiah@chavez-willis.com,HR,Developer,68843.44,20-04-2021
E0399,Bobby Soto,malonescott@ramirez-calhoun.org,HR,Engineer,52966.57,06-02-2025
E0400,James Patton,joseph80@yahoo.com,Sales,Consultant,46846.47,12-07-2018
E0401,David Potts,sheenagillespie@brown.com,Finance,Analyst,58005.2,27-09-2021
E0402,Catherine Santiago,lindseywright@torres-freeman.org,Marketing,Developer,80052.83,12-08-2015
E0403,Mrs. Jennifer Mccoy,stephaniehernandez@gmail.com,HR,Manager,54752.01,03-09-2015
E0404,Tracy Thornton,johnsonkaren@le-collins.info,HR,Analyst,116259.71,08-12-2024
E0405,Brent Downs,ruth36@glenn.com,Finance,Manager,64653.88,21-06-2015
E0406,Jeff Jones,tamara40@perry-wilson.com,Marketing,Engineer,52707.99,24-02-2022
E0407,Megan Krueger,christiandawson@george.com,IT,Engineer,49376.58,27-02-2023
E0408,David Holmes,walkerlisa@gmail.com,Sales,Manager,101507.76,22-04-2016
E0409,Denise Ewing,aprilpatterson@mckee.info,Finance,Developer,96818.31,27-06-2015
E0410,Mark Clark,matthewmiller@spencer-frederick.org,IT,Consultant,105338.97,19-03-2021
E0411,Lindsey Robinson,whitechelsea@yahoo.com,IT,Developer,56698.46,28-09-2020
E0412,Penny Schmidt,cwalters@yahoo.com,HR,Manager,111991.37,05-11-2020
E0413,Gabriela Griffin,mccoywalter@gmail.com,HR,Consultant,80264.41,11-11-2019
E0414,Steven Rivera,cynthia06@hotmail.com,HR,Engineer,51883.78,25-12-2023
E0415,Sarah Duncan,ylester@rogers-webb.biz,Finance,Consultant,66441.41,29-03-2017
E0416,Brett Stanley,nicholasstone@hotmail.com,Finance,Manager,108598.02,25-07-2018
E0417,Carol Webster,albertrivas@clark.com,Finance,Developer,96275.64,31-07-2024
E0418,Jason Phillips,halljennifer@hotmail.com,HR,Manager,118908.58,16-10-2022
E0419,Cory Rodriguez,clopez@jones.com,IT,Developer,70976.08,01-02-2021
E0420,Nicholas Evans,smithjoseph@gmail.com,Finance,Engineer,94914.14,29-03-2023
E0421,Eric Clark,mullinssheri@gmail.com,IT,Engineer,83262.63,12-10-2024
E0422,Amanda Berry,ryanvaughan@hotmail.com,Finance,Consultant,51422.31,03-11-2023
E0423,Katie Brown,wnovak@cortez.com,Finance,Developer,116018.04,13-03-2017
E0424,Tina Thornton,alexwright@walker.net,Marketing,Developer,43852.22,25-07-2023
E0425,Bridget Walker,eallen@hotmail.com,Finance,Engineer,97032.55,31-03-2015
E0426,Scott Kennedy,dhale@nunez.com,Finance,Consultant,112145.18,17-05-2017
E0427,Robert Moreno,alexander25@gmail.com,Finance,Engineer,106167.45,19-08-2023
E0428,Wendy Martinez,eramirez@patterson.biz,Sales,Engineer,70872.27,14-11-2019
E0429,David Brown,richard78@cox-anderson.org,Finance,Developer,83599.7,11-12-2016
E0430,Carolyn Matthews,robert09@yahoo.com,IT,Analyst,51992.96,08-08-2023
E0431,Christopher Daniel,daniellee@garcia-washington.org,Marketing,Developer,45897.45,29-07-2023
E0432,Wendy Shaw,avilabrandon@wu.com,Marketing,Engineer,91969.28,30-05-2021
E0433,Teresa Rodriguez,thompsonangela@padilla-henry.info,Finance,Analyst,95169.09,31-08-2015
E0434,Eric Edwards,christopherjohnson@sanchez.org,Marketing,Engineer,110214.15,21-01-2018
E0435,Justin Butler,rogerslaura@johnson.com,IT,Engineer,102925.24,17-04-2018
E0436,Brooke Jackson,ccobb@greene.biz,IT,Developer,54284.26,21-07-2016
E0437,Paul Phillips,chungdebbie@riley-johnson.org,IT,Engineer,118865.47,29-06-2019
E0438,Virginia Campbell,woodcurtis@yahoo.com,Finance,Engineer,55000.9,04-08-2018
E0439,Paul Chan,nflores@davis.com,Finance,Engineer,79776.65,30-06-2015
E0440,Luis Cummings,keithwilliams@kirby.com,Finance,Consultant,81535.51,26-06-2015
E0441,Jonathan York MD,emilymorales@gmail.com,Marketing,Analyst,95161.4,18-08-2022
E0442,Gary Edwards,alexanderbutler@gmail.com,HR,Manager,89118.5,05-04-2015
E0443,Todd Reed,qgonzalez@yahoo.com,Marketing,Engineer,41184.9,26-06-2016
E0444,James Martin,warnerpatricia@hotmail.com,Finance,Engineer,93303.53,14-05-2021
E0445,Patrick Peterson,johnsonsusan@yahoo.com,Finance,Manager,40680.66,11-12-2015
E0446,Melissa Herman,dawnrobinson@turner-hogan.com,Marketing,Consultant,91953.69,25-05-2018
E0447,William Smith DDS,maldonadolisa@hotmail.com,Sales,Developer,44944.59,25-03-2015
E0448,Anne Green,trevinojohn@blackburn-thomas.com,HR,Developer,60364.52,09-03-2025
E0449,Peter Powell,amalone@martin.biz,IT,Developer,111611.83,18-03-2019
E0450,Bonnie Anderson,jshaw@hotmail.com,HR,Developer,63080.22,15-04-2017
E0451,Tina Castaneda,mallorylowe@yahoo.com,HR,Engineer,47761.1,15-12-2021
E0452,Gordon Torres,james76@smith.com,HR,Manager,86833.92,21-05-2016
E0453,William Myers,steven12@yahoo.com,HR,Analyst,50123.31,28-01-2023
E0454,Taylor Martinez,rosejulie@brock.com,IT,Analyst,41721.65,04-05-2024
E0455,Stacy Thomas,branchashley@yahoo.com,IT,Manager,71331.33,14-01-2022
E0456,Shirley Fisher,patkins@hotmail.com,Sales,Consultant,106567.16,21-01-2021
E0457,Michael Newman,alanlewis@johnson.com,Sales,Analyst,117611.89,04-11-2019
E0458,Kyle Perez,warrengonzalez@hotmail.com,Sales,Consultant,94362.67,30-07-2015
E0459,Carol Harris,bhubbard@weaver-holland.com,Sales,Analyst,85671.67,03-09-2023
E0460,Mitchell Coleman,csmith@thomas.com,IT,Engineer,96044.81,01-05-2018
E0461,Jeffrey Brady,jacksmith@gmail.com,HR,Developer,79217.92,27-08-2021
E0462,Lori Nguyen,cynthialewis@melendez-gross.com,HR,Engineer,82505.53,14-08-2021
E0463,Jennifer Morgan,cody75@ramirez-allen.com,Marketing,Consultant,118412.24,10-03-2018
E0464,Marilyn Collins,mbrown@gmail.com,HR,Developer,89032.44,08-08-2019
E0465,James Weaver,djones@smith.com,IT,Consultant,98264.55,27-03-2020
E0466,Thomas Thompson,vsmith@watkins.com,HR,Analyst,64260.62,18-05-2017
E0467,Tina Vega,acarroll@collins.com,Finance,Developer,44517.36,03-07-2022
E0468,James Summers,ajohnston@kennedy-beck.com,Marketing,Manager,118642.53,25-04-2023
E0469,Summer Vargas,elainebolton@yahoo.com,Finance,Developer,69280.25,22-10-2019
E0470,Wayne Hodge,carpentermelanie@hotmail.com,Finance,Consultant,88117.66,29-03-2024
E0471,Erica Thornton,martin49@johnson.com,Sales,Engineer,78865.79,11-11-2020
E0472,Adrienne Larson,danielbarrett@quinn.com,IT,Manager,103726.73,17-10-2018
E0473,Troy Garrett,fferguson@sanchez.info,HR,Consultant,115851.56,13-11-2017
E0474,Lori Wilson,shernandez@gmail.com,Sales,Developer,47217.76,23-06-2023
E0475,Patrick Atkinson,rcortez@rasmussen.com,Finance,Analyst,66311.81,01-07-2020
E0476,David Sweeney,simondavid@hall.info,Marketing,Consultant,108455.98,15-04-2019
E0477,Angela Diaz,brendamoon@nelson-simmons.com,Sales,Manager,56520.47,13-11-2015
E0478,Matthew Phelps,martinezjohn@robinson-harrison.net,HR,Manager,77110.33,22-08-2019
E0479,Joseph Johnson,jamie18@mccoy.net,Marketing,Analyst,114477.59,14-02-2017
E0480,Sarah Walker,garycox@hotmail.com,HR,Analyst,89983.66,24-05-2019
E0481,Stephanie Fox,andrew79@yahoo.com,HR,Consultant,84775.76,01-01-2019
E0482,Daniel Strickland,lisachan@howard.com,Sales,Consultant,75688.66,19-07-2020
E0483,Jamie Foster,jeffrey49@gmail.com,HR,Analyst,101404.61,10-01-2020
E0484,Brian Bradshaw,lisasmith@yahoo.com,Finance,Developer,80487.47,10-01-2016
E0485,Eric Lee,johnhart@stephens.org,IT,Engineer,118733.02,12-07-2024
E0486,James Wallace,rcarter@hotmail.com,Finance,Manager,98110.55,28-08-2023
E0487,Benjamin Bennett,teresamoreno@gray.com,Sales,Manager,50682.16,01-04-2017
E0488,Jacob Stone,donna54@hotmail.com,HR,Developer,88987.19,05-08-2024
E0489,Carolyn Valencia,hhernandez@morrow.com,HR,Manager,81642.11,12-01-2023
E0490,Connor Salazar DDS,kelly39@gmail.com,IT,Developer,112136.98,06-11-2023
E0491,Richard Lopez,cschultz@gmail.com,Sales,Analyst,65019.34,02-09-2020
E0492,Jennifer Daniel,joshuareynolds@johnson-fuller.net,Sales,Developer,76994.27,31-03-2021
E0493,Matthew Salinas,sanchezsheila@howe-gonzales.biz,Finance,Consultant,98577.04,15-12-2018
E0494,John Jackson,briangarcia@may.com,IT,Engineer,66065.38,15-10-2022
E0495,Jennifer Stafford,jennifer41@campos.com,HR,Analyst,104414.8,22-02-2023
E0496,Charles Wilson,hartjohn@hotmail.com,HR,Consultant,102897.65,29-11-2018
E0497,Regina Anderson,hesterjennifer@hotmail.com,Finance,Developer,49718.75,19-12-2018
E0498,Alyssa Matthews,epineda@lawrence.com,Sales,Consultant,73907.65,10-07-2021
E0499,Luke Conley,garciaparker@lopez.com,HR,Analyst,83869.94,01-09-2021
E0500,Eric Smith,anthony86@yahoo.com,IT,Engineer,105938,16-11-2022
E0501,Corey Shaffer,deborah47@gmail.com,IT,Engineer,47889.12,23-03-2018
E0502,Melanie Tate,kaiserpaul@valdez-hughes.com,Finance,Manager,103929.82,01-08-2022
E0503,Cassandra Johnston,pmckee@gmail.com,Marketing,Analyst,91875.07,11-01-2016
E0504,Brady Vaughn,rileyrios@garcia-newman.com,HR,Manager,86371.67,28-06-2023
E0505,Patricia Taylor,tyler18@jones-howard.net,HR,Manager,57188.31,04-04-2018
E0506,David Hayden,kmann@byrd.com,IT,Consultant,89041.73,27-09-2020
E0507,Thomas Peters,felicia03@yahoo.com,HR,Consultant,74229.17,12-07-2015
E0508,Daniel Thompson,danielwhite@gmail.com,Sales,Consultant,71123.14,24-11-2021
E0509,Amy Shelton,cassandramartin@yahoo.com,Sales,Engineer,114828.93,24-03-2019
E0510,Kevin Olson IV,washingtonsharon@gmail.com,HR,Developer,104777.49,08-02-2017
E0511,Jason Barnes,christopher52@yahoo.com,HR,Manager,88287.41,27-03-2020
E0512,Barbara Schroeder,derrickfowler@hotmail.com,Finance,Engineer,40237.39,10-04-2018
E0513,Aaron Wilson,nicholaslang@hotmail.com,Sales,Manager,46729.55,23-04-2017
E0514,Jessica Weiss,scott30@gmail.com,Finance,Developer,53989.96,08-07-2022
E0515,Angela Becker,ronniegilmore@johnston.com,Sales,Engineer,63406.78,21-11-2020
E0516,Jennifer Sweeney,meghan24@hotmail.com,Finance,Developer,53795.03,14-02-2017
E0517,Andrew Pierce,mccormicklisa@gmail.com,Marketing,Developer,91774.29,10-11-2018
E0518,Nicole Spencer,nicholas69@hartman.info,IT,Engineer,102914.95,29-11-2020
E0519,Joseph Moore,bstevenson@jones.com,HR,Developer,95963.7,02-12-2020
E0520,Gwendolyn Murphy,bushbenjamin@williams.com,HR,Manager,115211.8,30-09-2019
E0521,Kenneth Woods,gregoryjames@gmail.com,IT,Developer,94176.8,18-04-2017
E0522,Brad Jones,howellanthony@yahoo.com,HR,Analyst,111628.14,14-11-2022
E0523,Jessica Harris,russell88@yahoo.com,IT,Developer,115344.78,19-01-2020
E0524,Robert Jones,swilkinson@gmail.com,Finance,Analyst,48434.23,28-11-2022
E0525,Jacob Bennett,benjamin31@yahoo.com,Marketing,Developer,113530.73,13-01-2018
E0526,Kyle Nguyen,pburns@gmail.com,Marketing,Engineer,78745.54,21-04-2019
E0527,Shannon Melton,mwillis@thompson-morris.com,Sales,Analyst,97403.63,13-08-2018
E0528,Paula Bell,samuelmcfarland@preston.com,IT,Engineer,82756.79,14-12-2023
E0529,Kelly Brown,sherryarmstrong@johnson.info,Marketing,Consultant,85966.7,16-07-2017
E0530,Kristen Brown,stephanie93@simpson.com,Marketing,Manager,80501.43,06-06-2017
E0531,Jason Ryan,jon26@hill.com,Marketing,Developer,61122.32,08-11-2021
E0532,Dr. Lisa Torres,paulwong@wilson.com,HR,Analyst,114854.9,07-08-2018
E0533,Kevin Richards,katie30@graves-taylor.com,Finance,Engineer,82157.76,20-06-2022
E0534,Sandra Castillo,randallmcdonald@hotmail.com,Marketing,Developer,48807.15,02-06-2015
E0535,Laura Garcia,ana33@yahoo.com,HR,Developer,115341.05,31-12-2018
E0536,Jessica Jones,sandracummings@gmail.com,Sales,Engineer,100051.97,16-09-2023
E0537,Meagan Jones,pbrown@gmail.com,Finance,Developer,66125.43,11-02-2025
E0538,Jessica Buck,newtonlauren@jones.com,Sales,Engineer,45783.06,05-08-2020
E0539,Richard Pittman,morgan13@parsons.com,IT,Manager,116840.37,20-10-2015
E0540,Kathleen Gill,vwagner@shah.org,HR,Engineer,59906.06,19-04-2019
E0541,Sean Walker,brian36@gmail.com,Sales,Engineer,79001.93,03-08-2022
E0542,Emily Arnold,kathleen16@madden.info,Marketing,Developer,91174.19,04-02-2020
E0543,Melissa Hernandez,heatherwoods@yahoo.com,Finance,Manager,104771.77,27-08-2024
E0544,Matthew Williams,gonzalesjennifer@yahoo.com,Finance,Consultant,83857.02,08-04-2018
E0545,Kathy Barnes,moyerheather@baker-moore.info,Marketing,Analyst,61815.06,07-09-2024
E0546,Brian Martinez,adam05@yahoo.com,Sales,Engineer,82256.55,06-08-2024
E0547,John Baker,samuelfoster@yahoo.com,IT,Manager,58104.04,20-01-2022
E0548,Sheila Morgan,dianafitzgerald@yahoo.com,HR,Developer,48378.42,07-10-2023
E0549,Lauren Waters,jmiller@yahoo.com,Finance,Developer,114385.31,10-01-2021
E0550,Erica Richard,gmartin@gmail.com,IT,Consultant,104168.71,15-12-2019
E0551,Stacey Lee,cookkelli@hunter-walters.biz,Finance,Manager,113402.3,20-02-2017
E0552,Kathleen Lewis,mathewsshelby@yahoo.com,IT,Engineer,84352.41,17-03-2018
E0553,Darin Richardson,jeffrey16@cooper-reyes.com,Marketing,Consultant,95003.75,16-12-2020
E0554,Victoria Levine,xsmith@hotmail.com,HR,Developer,53838.55,20-08-2019
E0555,Cody Martinez,lmurphy@gmail.com,HR,Analyst,90562.91,12-03-2020
E0556,Christopher Neal,vancemary@gmail.com,HR,Analyst,113554.69,03-09-2021
E0557,Jeff Lynn,megansmith@simmons.biz,IT,Manager,78743.68,27-01-2016
E0558,Angelica Smith,lknight@rodriguez.com,IT,Consultant,90402.01,19-12-2017
E0559,Tyrone Thomas,kimberly75@jackson.com,Marketing,Manager,55640.67,19-05-2021
E0560,Cheryl Martin,jessica64@murphy-washington.com,Sales,Manager,73581.52,24-03-2020
E0561,Marc Copeland,richard73@hotmail.com,Marketing,Consultant,110258.13,17-03-2016
E0562,Tara Bell,deborah96@yahoo.com,IT,Manager,106521.98,28-08-2021
E0563,Calvin Allen,cruzjohn@webb.com,HR,Consultant,74292.16,25-11-2019
E0564,Cassandra Gonzalez,wturner@gmail.com,HR,Manager,81710.58,18-10-2017
E0565,Anna Adams,wmorgan@clark.com,Marketing,Manager,115778.26,10-10-2023
E0566,Jacqueline Howard,justin01@yahoo.com,Finance,Engineer,73603.06,16-07-2019
E0567,Joseph Martin,christopher20@young.com,HR,Engineer,90001.73,04-04-2023
E0568,Lisa Stafford,fitzgeraldpatrick@hotmail.com,Marketing,Consultant,47601.77,17-12-2022
E0569,Brent May,melissahunt@olson-ramirez.com,Sales,Consultant,40798.31,29-12-2015
E0570,Samantha Crawford,kdixon@hotmail.com,IT,Developer,47977.83,03-08-2017
E0571,Cindy Lewis,adavis@yahoo.com,Marketing,Developer,53547.11,16-02-2018
E0572,Brian Parker,wevans@yahoo.com,HR,Manager,72339.76,13-06-2019
E0573,Cassandra Haas,savannahscott@green-valdez.info,HR,Developer,71072.71,03-03-2024
E0574,Matthew Hughes,christopher55@roman.com,Finance,Developer,118054.66,21-02-2023
E0575,Hunter Baker,eelliott@price.biz,Marketing,Developer,62280.65,10-07-2018
E0576,Sherri Hill,sarah88@yahoo.com,Marketing,Manager,103866.23,16-02-2021
E0577,Brandon Norris,wwebb@hotmail.com,IT,Consultant,118868.69,08-04-2016
E0578,Marcus Jacobs,traci64@beltran.org,Sales,Engineer,108248.05,02-04-2022
E0579,Jennifer Cole,yfowler@adams-moore.net,Sales,Analyst,57038.2,19-08-2021
E0580,Cameron Erickson,eric64@gmail.com,IT,Analyst,68456.05,27-05-2015
E0581,Theresa Stevens,cwilliams@gmail.com,Marketing,Manager,95999.31,12-12-2024
E0582,Laura Hull,burkeheather@yahoo.com,Sales,Manager,44212.5,01-04-2018
E0583,Randy Shaw,bethcarey@villanueva-leon.info,Finance,Manager,56065.23,01-07-2018
E0584,Michele Jones,brenda51@anderson.org,HR,Consultant,62703.81,14-12-2017
E0585,Jared Edwards,adam27@sutton.org,IT,Analyst,103617.61,31-12-2016
E0586,Dawn Kaufman,brian98@hotmail.com,Marketing,Developer,43712.82,13-04-2022
E0587,Jennifer Cunningham,anthonybrown@yahoo.com,IT,Manager,59301.38,14-12-2016
E0588,Holly Villarreal,jamestaylor@deleon.com,Sales,Engineer,115848.9,02-02-2019
E0589,Crystal Lamb,alexandra96@hotmail.com,Finance,Manager,52698.8,21-05-2016
E0590,Elizabeth Chan,johnsonleslie@yahoo.com,HR,Analyst,93657.3,20-06-2024
E0591,Tiffany Day,dedwards@hayes.info,Sales,Developer,80427.62,13-10-2015
E0592,Michael Foster,murphytony@hotmail.com,Sales,Engineer,97827.89,14-01-2016
E0593,John Miller,vrogers@rose.com,Finance,Developer,52072.61,22-03-2021
E0594,Lauren English,travishayes@butler-kennedy.com,Sales,Manager,114647.8,02-07-2017
E0595,Mary Wilson,michael56@stevenson.com,Sales,Consultant,99241.05,25-10-2016
E0596,Kathy Burke,marissa71@yahoo.com,Sales,Developer,72212.09,17-03-2020
E0597,Joseph Evans,phillipsjames@cordova.com,HR,Manager,112105.16,06-05-2020
E0598,Alexander Patton,kjackson@hotmail.com,Finance,Consultant,108773.01,15-04-2022
E0599,Michael Hawkins,rileygarrett@yahoo.com,HR,Analyst,71007.14,17-06-2024
E0600,Robert Rivera,connorirwin@miles-burton.com,HR,Developer,81981.22,17-11-2017
E0601,Eric Ray,anitahurst@orozco.com,Sales,Developer,118010.84,30-04-2020
E0602,Aaron Mendoza,umorgan@holmes.com,Sales,Consultant,52423.6,07-06-2020
E0603,Karen Peterson,youngkimberly@gmail.com,Sales,Engineer,100849.95,13-12-2022
E0604,Crystal King DDS,brownkathleen@webb.com,Marketing,Manager,66776.81,05-03-2020
E0605,Jason Moreno,matthew27@johnson.com,Sales,Manager,67892.12,06-07-2015
E0606,Nathaniel Blair,johnny80@gmail.com,IT,Engineer,103805.86,23-05-2022
E0607,Ms. Amy Carter,hamptonmary@yahoo.com,IT,Consultant,67685.01,03-07-2016
E0608,Dana Walton,hernandezkevin@yahoo.com,Marketing,Developer,72360.92,10-05-2020
E0609,Christian Garrett,rthornton@gmail.com,IT,Analyst,99597.94,27-06-2016
E0610,Jeffery Wilson,zhernandez@reyes-buck.com,HR,Manager,105202.05,16-07-2017
E0611,Cynthia Williams,adkinskimberly@flynn.com,HR,Manager,99655.11,21-05-2020
E0612,James Garcia,henryhoover@jackson.com,HR,Analyst,75687.28,18-09-2019
E0613,Alexis Rivera,christopher95@gmail.com,Sales,Manager,111946.1,19-09-2016
E0614,Cameron Valdez,aparrish@rice-garcia.com,HR,Consultant,91468.64,20-09-2021
E0615,Madison Salazar,david16@phillips.com,Marketing,Engineer,74398.48,21-04-2024
E0616,Daisy Morton,matthew89@jackson.com,Sales,Consultant,44554.62,19-10-2015
E0617,Monique Brown,sotogeorge@hotmail.com,Finance,Consultant,65943.35,08-09-2019
E0618,Joseph Rivas,santiagorobert@cook-freeman.com,Finance,Developer,52389.92,21-12-2016
E0619,Matthew Williams,alexandria47@lopez-foster.info,Finance,Manager,90442.52,25-02-2022
E0620,Mary Bush,tylermichael@chavez.com,Sales,Developer,85313.18,17-06-2016
E0621,Chris Oneill,brian82@matthews.com,Sales,Analyst,83653.39,30-01-2019
E0622,Patricia Rodriguez,trevor51@moss.com,Sales,Manager,57713.44,06-10-2016
E0623,Sarah Haley,kelly42@yahoo.com,Marketing,Analyst,113581.95,08-12-2016
E0624,Chelsea Gregory,pamelasantiago@pacheco.info,IT,Analyst,66998.24,22-01-2021
E0625,Jon Mcclain,andrewrandolph@case.com,Finance,Manager,80100.49,23-10-2016
E0626,Kristine Thomas,douglas72@newton.net,IT,Manager,93142.88,05-06-2016
E0627,Maria Petersen,adrianjenkins@small.biz,HR,Engineer,109617.28,15-12-2023
E0628,Joshua Jones,farrelljacqueline@gmail.com,HR,Consultant,50801.38,12-06-2023
E0629,Emily Sanders,martinezmegan@gmail.com,HR,Consultant,76928.27,25-11-2023
E0630,Barbara Robbins,johncrawford@elliott.com,IT,Analyst,46643.52,02-09-2021
E0631,Amy Richards MD,lhunter@gmail.com,HR,Engineer,102726.13,10-12-2024
E0632,Austin Ryan,crystalpotter@gomez-espinoza.com,Marketing,Consultant,79786.42,14-05-2015
E0633,Kristen Rogers,miguelwu@dyer.com,HR,Consultant,40766.1,09-03-2017
E0634,Eugene Carlson,angela02@gmail.com,IT,Analyst,52079.68,03-08-2015
E0635,James Coleman,cgallagher@gmail.com,HR,Engineer,45112.95,08-01-2017
E0636,William Bowman,bvargas@hotmail.com,Finance,Analyst,43448.09,29-04-2015
E0637,Jonathan Hamilton,calexander@williams-williams.com,Finance,Manager,106320.01,15-01-2025
E0638,Leslie Burns,michelledavenport@castro.com,Sales,Engineer,49367.15,09-01-2024
E0639,Brenda Gomez,john39@yahoo.com,Sales,Analyst,85629.76,07-03-2021
E0640,Emma Walker,joshua60@yahoo.com,HR,Consultant,112237.93,01-03-2020
E0641,John Phillips,david24@hotmail.com,Finance,Analyst,79536.68,23-01-2020
E0642,Michael Santos,lyonsbrian@hotmail.com,Sales,Engineer,43912.44,12-04-2020
E0643,George Watkins,tammierogers@gmail.com,Sales,Developer,100466.77,06-12-2018
E0644,Frank Farmer,chavezraven@hotmail.com,Marketing,Manager,81285.09,05-02-2018
E0645,Jordan Smith,angelawalker@berry.com,IT,Engineer,92452.96,08-09-2015
E0646,Michael Gibson,tracy39@turner-mills.com,Finance,Manager,103466.75,17-03-2021
E0647,Vincent Wilson,hawkinsdana@friedman-montoya.com,HR,Developer,76366.53,13-12-2022
E0648,Andrew Harvey,merrittrodney@ward.net,HR,Manager,99762.89,11-03-2022
E0649,Tammy Armstrong,stephanie72@yahoo.com,HR,Developer,95385.46,10-01-2022
E0650,Kimberly Lamb,phernandez@hotmail.com,Marketing,Developer,108720.8,26-11-2015
E0651,Matthew Johnston,tmartin@yahoo.com,Marketing,Manager,106060.89,10-10-2023
E0652,Regina Lewis,paul12@hotmail.com,HR,Developer,75183.91,20-04-2015
E0653,Dillon Reynolds,christinamay@howard.com,Sales,Developer,80492.08,29-04-2021
E0654,Sandra Brown,ewiley@yahoo.com,IT,Developer,72831.55,19-08-2018
E0655,Christina Sanchez,john66@pearson-ramirez.net,Marketing,Consultant,108660.12,14-05-2023
E0656,Vanessa Daniel,qlawrence@hotmail.com,Finance,Consultant,47170.37,12-01-2017
E0657,Richard Sullivan,smithemily@velez-roberts.biz,Finance,Manager,110067.05,09-01-2022
E0658,Sarah Rice,davidleach@hotmail.com,Finance,Consultant,116094.07,31-08-2022
E0659,Sara Davis,rflores@gonzalez-jones.com,Finance,Consultant,101895.82,06-12-2021
E0660,Anna Gonzalez,juanblair@patterson-smith.info,IT,Consultant,80071.08,09-09-2018
E0661,Shirley Rivas,jessicasexton@gmail.com,Finance,Analyst,111843.56,15-03-2022
E0662,Joseph Rollins,longjessica@hotmail.com,Marketing,Manager,41653.82,06-12-2017
E0663,Shawn Steele,fforbes@hotmail.com,HR,Consultant,115912.57,11-07-2023
E0664,Frederick Logan,kmunoz@gmail.com,Finance,Analyst,99466.74,14-02-2017
E0665,Jesus Bruce,christine82@yahoo.com,IT,Analyst,46610.37,26-12-2021
E0666,Kenneth Thomas,ryan22@lang.biz,Marketing,Consultant,110719.78,29-04-2020
E0667,Mr. Cody Rodriguez,qthompson@hotmail.com,HR,Manager,59070.62,19-02-2019
E0668,Natasha Collier,smithjeremy@taylor-ortiz.biz,Marketing,Analyst,96335.74,13-06-2016
E0669,Shawna Gonzalez,xwilliams@diaz.com,Finance,Consultant,91156.7,09-05-2016
E0670,Eddie Rose,kelly73@ramsey.com,HR,Engineer,69996.71,05-07-2024
E0671,Jim Oconnor,christopher08@hotmail.com,HR,Engineer,77051.95,12-11-2024
E0672,Scott Campbell,abbottkathleen@martinez.info,Finance,Engineer,84228.99,10-03-2018
E0673,Daniel Allen,hicksmichael@hotmail.com,Sales,Manager,66778.97,21-02-2022
E0674,Rebecca Williams,qbenton@yahoo.com,Sales,Developer,88944.82,29-09-2021
E0675,Mark Marshall,robertgutierrez@aguilar.info,Finance,Manager,91199.73,09-05-2019
E0676,Kristin Burns,zcraig@gmail.com,Marketing,Manager,93523.74,01-03-2023
E0677,Sandra Gomez,melindajohnson@goodwin.com,HR,Consultant,88233.33,06-04-2019
E0678,Alex Smith,judy82@yahoo.com,HR,Engineer,58972.63,09-07-2017
E0679,Carmen Johnson,mcgeemelissa@gmail.com,Finance,Developer,67436.2,23-12-2020
E0680,Kathleen Foley,erin95@hotmail.com,Sales,Developer,98355.97,02-11-2016
E0681,Brandi Fuller,goodmanlisa@hotmail.com,HR,Analyst,81226.33,28-05-2024
E0682,John Conley,sarahhamilton@yahoo.com,Marketing,Developer,86876.1,11-10-2023
E0683,Jordan Hernandez,cvincent@gmail.com,Marketing,Analyst,101635.79,10-05-2018
E0684,Michael Taylor,nicholas38@price.info,Finance,Manager,94314.74,19-09-2022
E0685,Michael Murphy,taylorhansen@hotmail.com,HR,Developer,42137.99,08-01-2025
E0686,Michelle Chan,eyoung@hotmail.com,Sales,Analyst,82873.77,22-01-2024
E0687,John Anderson,hnelson@yahoo.com,Marketing,Developer,67383.82,30-04-2019
E0688,Joshua Davidson,jenniferpearson@hotmail.com,IT,Consultant,119231.31,23-04-2017
E0689,Elizabeth Valentine,hannahlara@garcia.com,Finance,Consultant,81816.53,27-01-2022
E0690,David Gonzalez,cbrooks@golden-holmes.net,IT,Engineer,58746.78,21-01-2024
E0691,John Romero,lauradudley@yahoo.com,Finance,Developer,112167.55,10-02-2018
E0692,Jesse Navarro,garciachristopher@yahoo.com,IT,Consultant,67858.87,13-06-2015
E0693,Troy Carey,droberson@hotmail.com,Sales,Engineer,99640.99,03-05-2015
E0694,Deborah Pittman,allen82@gmail.com,Marketing,Developer,78041.01,25-11-2021
E0695,Allen Chapman,jessica00@mitchell-gutierrez.org,Marketing,Analyst,77073.82,08-03-2020
E0696,Adam Douglas,phillipscheryl@gmail.com,IT,Analyst,79563.9,28-06-2024
E0697,Kathy Porter,holly78@brown-morse.com,Finance,Developer,50591.33,26-05-2020
E0698,Jennifer Owen,wardsusan@yahoo.com,IT,Analyst,56785.12,09-09-2021
E0699,Brandy Lopez,natashareyes@lewis-tate.com,Sales,Developer,102021.36,03-05-2023
E0700,Danny Wells,josephsanchez@black.com,HR,Manager,102431.93,24-05-2019
E0701,Jacob Gould,riverapaul@yahoo.com,HR,Consultant,117394.83,28-09-2023
E0702,Leslie Santos,lray@yahoo.com,Sales,Manager,118269.64,12-01-2021
E0703,Nicholas Moss,cwilliams@gmail.com,IT,Engineer,89931.54,06-07-2017
E0704,Ashley Evans,sarah83@davis.com,HR,Engineer,68005.11,31-08-2019
E0705,Jennifer Williams,dking@perez.com,Marketing,Analyst,92326.64,19-09-2019
E0706,Michael Cortez,bryankoch@riley-bond.com,Finance,Consultant,73220.05,09-09-2017
E0707,Robert Peters,qvalentine@parker.com,Marketing,Engineer,92240.74,06-05-2022
E0708,Deborah Watkins,carol52@smith.org,Marketing,Consultant,79380.03,19-03-2015
E0709,Jaime Martin,jamesbrad@gmail.com,IT,Engineer,64533.08,09-12-2024
E0710,William Carey,jeremy02@gmail.com,Marketing,Manager,85822.73,17-11-2018
E0711,Randy Hernandez,fwest@yahoo.com,Finance,Consultant,96898.81,12-08-2016
E0712,Adam Klein,randrade@atkinson-smith.biz,Finance,Analyst,49934.76,31-05-2022
E0713,Melissa Garrett,scottmitchell@singh.com,HR,Developer,119036.72,01-03-2024
E0714,Jessica Fernandez,millercrystal@hotmail.com,IT,Consultant,63700.27,29-03-2023
E0715,Anne Snyder,halldaniel@gmail.com,IT,Engineer,44898.21,07-08-2015
E0716,Justin Daniels,sandrapaul@hotmail.com,Finance,Developer,66113.03,03-01-2016
E0717,Jessica Ray,melissa11@smith.com,Marketing,Consultant,67166.95,03-08-2019
E0718,Paul Barnes,parkerderrick@yahoo.com,HR,Manager,119228.59,16-11-2022
E0719,Kenneth Ferguson,christopher68@yahoo.com,Finance,Developer,67951.53,10-07-2015
E0720,Valerie Clark,cindy13@gmail.com,HR,Consultant,40766.42,13-12-2024
E0721,Jonathan Miller,wardcatherine@hotmail.com,Sales,Developer,52408.45,24-02-2025
E0722,Cassandra Bowman,mcole@burnett.biz,IT,Analyst,111791.76,26-03-2024
E0723,Mary Soto DDS,paulrobertson@mccarthy.com,Sales,Manager,68701.19,25-09-2021
E0724,Shannon Fitzgerald,jonesmichelle@jennings-rowe.biz,Finance,Engineer,62384.5,10-08-2016
E0725,Jacqueline Mccormick,morrisonjake@duncan.info,IT,Consultant,98155.47,07-09-2019
E0726,Matthew Lee,cynthia76@black-hampton.info,Finance,Consultant,106870.27,15-04-2023
E0727,Keith Wilkinson,amy46@lucero.com,HR,Consultant,113976.95,22-12-2021
E0728,Mr. Michael Williams DVM,michael25@yahoo.com,Marketing,Analyst,107938.54,21-08-2023
E0729,James Stevens,brooksdaniel@kemp-lopez.com,Marketing,Consultant,69814.06,19-07-2023
E0730,Dr. Christian Berry,wberry@yahoo.com,IT,Manager,100170.83,19-07-2017
E0731,Tammy Lowe,chase71@rocha.biz,IT,Analyst,117580.81,26-01-2023
E0732,Karen Greene,illoyd@gmail.com,Finance,Analyst,116223.98,12-11-2015
E0733,Jacqueline Roman,matthewlee@gmail.com,HR,Engineer,106486.78,22-05-2020
E0734,Julian Thornton,vhess@hoffman-price.com,Sales,Manager,49096.37,27-12-2017
E0735,Joseph Price,shannoncampbell@hotmail.com,Sales,Engineer,88329.38,24-02-2022
E0736,Jeffrey Bates,leslieoconnor@hotmail.com,Sales,Engineer,119907.93,11-05-2019
E0737,James Marshall,carterann@gmail.com,IT,Developer,58471.14,20-04-2015
E0738,Angela Ford,bryandavis@gmail.com,Marketing,Developer,42756.13,23-03-2015
E0739,Karen Aguirre,antoniohart@gmail.com,Marketing,Engineer,77302.16,08-11-2023
E0740,Rachel Pacheco,ahernandez@hotmail.com,Sales,Developer,97335.17,09-09-2019
E0741,Samuel Hernandez,smithbrittany@hotmail.com,HR,Engineer,101671.46,08-11-2016
E0742,Julia Maxwell,jonathan49@gmail.com,IT,Developer,41027.88,10-09-2023
E0743,William Reynolds,scott17@roth.info,Sales,Manager,62084.44,01-03-2016
E0744,Kim Burns MD,deborahbennett@gmail.com,Sales,Consultant,99072.59,14-05-2024
E0745,Holly Olson,alison17@hotmail.com,IT,Developer,92960.86,21-06-2016
E0746,Jennifer Villegas,ogarcia@hart-merritt.com,IT,Manager,46931.68,30-04-2019
E0747,Rebecca Pennington,guzmanmegan@yahoo.com,HR,Analyst,82306.91,09-08-2016
E0748,Nicole Hamilton,donnasmith@hotmail.com,Finance,Analyst,42081.76,28-03-2022
E0749,Nicole Martinez,stewartjohn@gmail.com,Marketing,Analyst,111192.69,28-02-2017
E0750,Julie Gonzalez,cindyfisher@gmail.com,HR,Engineer,94683.33,30-08-2022
E0751,Michael Tanner,jaredgillespie@hotmail.com,Sales,Analyst,78615.59,05-09-2015
E0752,Richard Maynard,shermanphillip@yahoo.com,Marketing,Manager,61271.16,02-02-2024
E0753,Jonathan Williams,russomelissa@gmail.com,Marketing,Analyst,49708.2,04-09-2024
E0754,Jonathan Ruiz,nicholastaylor@gmail.com,HR,Manager,108021.5,08-08-2017
E0755,Paula Rodriguez,tsmith@patterson-wright.com,Finance,Developer,107283.22,26-10-2015
E0756,Jose Jackson,williamthompson@yahoo.com,Marketing,Consultant,93112.26,07-09-2023
E0757,Vincent Garza,harringtondonald@jones-marshall.com,Finance,Developer,109948.46,06-05-2022
E0758,Jermaine Brandt,jdavenport@guerra.org,Marketing,Analyst,111631.32,14-08-2019
E0759,Tanya Thompson,jhughes@gmail.com,IT,Manager,105170.03,07-04-2022
E0760,Nicole Mendez,david97@nguyen.com,Marketing,Analyst,58441.55,27-04-2022
E0761,Stephanie Poole,xwalters@gmail.com,HR,Manager,55091.22,10-01-2016
E0762,Nicole Woodard,suzannepalmer@farrell-lynch.com,Sales,Engineer,111494.41,21-12-2017
E0763,Joyce Carey,kenneth03@spencer.info,Marketing,Analyst,43032.03,18-01-2016
E0764,Jennifer Herring,elizabeth71@martin.com,IT,Consultant,51644.47,15-07-2018
E0765,William Powers,tiffanymurray@gmail.com,Sales,Manager,50173.07,12-09-2021
E0766,Tyler Morales,jonesronald@hotmail.com,Marketing,Analyst,80369.19,06-12-2016
E0767,Tammy Moore,brownkevin@hotmail.com,IT,Analyst,46616.97,04-08-2021
E0768,Samantha Chavez,dthomas@petty.info,HR,Developer,43878.18,04-11-2024
E0769,Tammy Collins,tbarnett@hotmail.com,Marketing,Developer,118610.2,27-08-2024
E0770,Justin Barajas,vthompson@hotmail.com,HR,Manager,46670.74,16-04-2016
E0771,Robert Brown,hannah41@rivera.com,Sales,Consultant,47298.7,10-11-2015
E0772,Laura Lambert,katherineramirez@gmail.com,Marketing,Developer,111168.72,26-08-2019
E0773,Mary Morales,andreagomez@gmail.com,HR,Analyst,112620.78,11-05-2022
E0774,Angel Gordon,jennifer84@yahoo.com,Finance,Consultant,76538.15,10-08-2021
E0775,Ray Chung,kkoch@hotmail.com,IT,Manager,79576.48,16-11-2019
E0776,Andre Hernandez,henry85@carlson.info,Sales,Consultant,99347.93,04-02-2021
E0777,Mr. Patrick Jones DDS,davislynn@gmail.com,HR,Engineer,105649.64,05-09-2019
E0778,Steven Callahan,kimberly38@hotmail.com,Sales,Analyst,98887.03,24-01-2020
E0779,Jessica Johnson,michaelbryant@blevins-simmons.org,IT,Consultant,87313.47,22-07-2018
E0780,William Morse,wmiller@hotmail.com,Sales,Analyst,115447.95,14-05-2016
E0781,Mary Hall,taylorjacob@yahoo.com,HR,Engineer,102461.68,22-10-2018
E0782,Michael Lang,williamcameron@gmail.com,HR,Developer,51143,19-05-2018
E0783,Julie Davidson,matthewfrank@davis.com,Sales,Consultant,41769.79,07-07-2022
E0784,Vernon Harrington,johnsonthomas@martinez.com,Sales,Consultant,78625.26,08-03-2022
E0785,Rachel Cline,antoniomann@gmail.com,Finance,Consultant,86443.52,14-04-2023
E0786,Ashley Larson,heatherrandolph@gmail.com,Marketing,Developer,119966.09,27-05-2020
E0787,Natalie Lindsey,njohnson@gmail.com,Sales,Manager,77870.44,12-05-2017
E0788,Audrey Hammond,michaelsnyder@weiss.com,Marketing,Consultant,57995.78,10-04-2019
E0789,Amanda Tate,philipjimenez@olson.com,Finance,Consultant,44281.91,06-10-2015
E0790,Jennifer Mooney,kaylee05@kennedy-gomez.org,Marketing,Developer,41122.2,12-06-2020
E0791,Reginald Pruitt,vasquezjasmine@hotmail.com,IT,Engineer,83475.92,11-03-2016
E0792,Christian Reynolds,xlee@bell.com,HR,Developer,61470.52,31-12-2019
E0793,Lauren Mendez,foleyrhonda@yahoo.com,Marketing,Analyst,71381.15,10-01-2024
E0794,Melanie Mcdonald,angela60@smith.com,HR,Analyst,56728.71,17-03-2019
E0795,Dennis Cummings MD,harrisonclaudia@morrison-myers.com,HR,Manager,108890.85,18-12-2023
E0796,Jordan Sanchez,riversnatalie@gmail.com,HR,Manager,41044.6,04-03-2022
E0797,James West,amberlee@hotmail.com,IT,Consultant,112498.42,08-01-2022
E0798,Cassandra Smith,delgadojill@gmail.com,Finance,Developer,115927.14,31-12-2024
E0799,Wendy Strickland,kelly14@martin.info,IT,Consultant,50467.44,28-11-2015
E0800,Carrie Travis,kmiller@gmail.com,Marketing,Manager,74320.61,11-02-2024
E0801,Kenneth Carter,linda52@yahoo.com,IT,Consultant,113051.15,09-06-2016
E0802,Christina Clements,michaelleonard@mccarthy.com,Finance,Engineer,102094.27,16-09-2019
E0803,Michelle Rodriguez,jasonmoody@gmail.com,Finance,Consultant,95810.97,24-09-2018
E0804,Lisa Williams,hamiltonmaria@yahoo.com,Marketing,Developer,63586.69,28-09-2015
E0805,Ann Kim,lisasmith@gmail.com,Finance,Analyst,109630.11,01-12-2017
E0806,Justin Frey,iwoods@nelson.biz,Marketing,Developer,78255.47,24-08-2015
E0807,Noah Hansen,lewisdiana@gmail.com,Marketing,Manager,93864.74,05-02-2017
E0808,Jill Miller,watsonalfred@chan-morgan.com,IT,Analyst,84526.37,06-04-2017
E0809,Phillip Ryan,jenniferbonilla@lee.com,Finance,Manager,47096.93,08-02-2020
E0810,Steven Myers,john26@peters-miller.com,Sales,Engineer,86276.93,26-08-2017
E0811,Jeanette Rodriguez,jeffrey75@wade.com,Sales,Consultant,64751.78,24-08-2017
E0812,Amy Foster,atucker@hotmail.com,HR,Analyst,92228.32,15-07-2017
E0813,Tammy Cisneros,georgeeugene@yahoo.com,IT,Developer,61421.09,30-12-2016
E0814,Seth Montoya,ogomez@hotmail.com,Finance,Engineer,49911.23,13-06-2015
E0815,Kimberly Jenkins,james66@reeves.biz,Sales,Manager,48006.29,30-10-2019
E0816,Danny Green,julie25@gmail.com,Sales,Consultant,99796.39,27-10-2022
E0817,Rachel Davis,morriselizabeth@madden.biz,Sales,Analyst,95202.37,02-10-2017
E0818,Jeffrey Mccarthy,mary46@franco.com,IT,Engineer,53815.96,30-09-2019
E0819,Lindsay Sparks,jeremymoreno@hotmail.com,IT,Manager,47835.02,29-07-2018
E0820,Michael Hebert,qbird@gmail.com,Marketing,Developer,77264.85,02-06-2016
E0821,Wayne Waller,kelseyyork@armstrong.net,HR,Engineer,75014.82,31-03-2017
E0822,Joseph Hall,xsanchez@gmail.com,Finance,Consultant,108446.65,08-04-2020
E0823,Cheryl Jones,kwood@lopez-luna.com,Finance,Analyst,57023.01,15-04-2015
E0824,Jeffrey Todd,sandra02@peterson-mitchell.com,Finance,Analyst,46662.1,03-09-2021
E0825,Paul Campbell,evansrobert@west-pittman.com,Sales,Analyst,89806.37,01-02-2017
E0826,Joseph Taylor,martinfrazier@davis.biz,Finance,Engineer,59612.97,23-02-2016
E0827,Ebony Kelley,rebeccabanks@diaz-riggs.net,Sales,Consultant,42113.97,21-12-2018
E0828,Brandon Hernandez,ritterwendy@barnett.com,HR,Analyst,116820.58,08-02-2025
E0829,David Smith,mallory79@daniels-smith.com,HR,Consultant,100027.4,17-12-2021
E0830,Katherine Hall,kelseytaylor@gmail.com,Marketing,Consultant,40390.68,28-11-2018
E0831,Austin Wilson,alexandermoore@gmail.com,Sales,Engineer,101744.15,29-10-2018
E0832,Angelica Williams,lopezlinda@williams.com,HR,Developer,67503.93,01-06-2023
E0833,Gary York,taramiller@medina.com,HR,Consultant,41430.79,17-09-2015
E0834,Paul Cruz,huynhjacqueline@turner.com,Finance,Analyst,81508.76,31-03-2023
E0835,Alex Gonzalez,kingscott@hodges.info,Sales,Consultant,56590.13,28-05-2021
E0836,Morgan Smith,piercecraig@gmail.com,HR,Analyst,78000.82,11-11-2017
E0837,Bobby Schmidt,larry55@lee.biz,HR,Consultant,75962.02,29-06-2023
E0838,Melissa Jones,kmiller@yahoo.com,Sales,Developer,86301.73,10-02-2019
E0839,Jennifer Brooks,kingtimothy@gmail.com,Sales,Engineer,70789.99,12-02-2021
E0840,Dawn Clark,uramos@hotmail.com,IT,Analyst,67646.7,04-07-2017
E0841,John Morris MD,fwilliamson@hotmail.com,Marketing,Manager,117043.26,01-07-2024
E0842,Angela Miller,nancycain@owens-cook.com,Marketing,Analyst,111033.18,05-04-2021
E0843,Samuel Williams,kevin21@fuller.net,Sales,Consultant,56024,16-07-2016
E0844,Dustin Lucas,qbrown@forbes.com,HR,Analyst,116063.49,02-05-2021
E0845,Christopher Garcia,karenbrown@yahoo.com,Marketing,Engineer,63031.1,10-10-2023
E0846,Anthony Pittman,greenedavid@yahoo.com,Finance,Manager,112742.04,19-06-2019
E0847,John Gross,dylan83@gmail.com,Finance,Manager,75979.2,04-03-2019
E0848,Catherine Harris,cherylcain@nichols.org,HR,Consultant,96261.18,15-01-2017
E0849,Kristin Cross,fitzgeraldchristopher@gmail.com,Marketing,Manager,114289.69,31-10-2022
E0850,Jay Williams Jr.,dana72@yahoo.com,IT,Consultant,117076.8,19-07-2019
E0851,Dakota Mitchell,iwatkins@yahoo.com,Marketing,Manager,73242.81,22-02-2022
E0852,George Turner,hnewton@ramos-green.org,HR,Analyst,79868.52,26-11-2022
E0853,Katherine Thomas,christopher50@lopez-mason.com,Finance,Consultant,103565.86,16-11-2020
E0854,Sierra Ibarra,scott33@miller-young.com,Sales,Consultant,102286.91,18-08-2018
E0855,Beverly Barrett,jeffreyhardin@davis-walters.biz,Finance,Developer,59626.48,03-08-2018
E0856,Brendan Hooper,mbradford@hotmail.com,Marketing,Manager,68961.97,06-04-2017
E0857,Melissa Duffy,hamiltonemily@conrad.com,Marketing,Analyst,111265.69,24-10-2018
E0858,Rhonda Gutierrez,joseph94@hughes.com,Sales,Analyst,46076.82,29-06-2023
E0859,Sean Snyder,wrightstephen@wiley-smith.com,IT,Consultant,106883.98,25-05-2024
E0860,Anthony Sutton,george88@tran-li.com,HR,Engineer,75056.1,04-09-2018
E0861,Jeffrey Savage,georgejohn@yahoo.com,Finance,Analyst,49617.37,26-03-2023
E0862,Morgan Brown,brhodes@schneider.biz,HR,Analyst,71131.84,26-07-2020
E0863,Michael Hawkins,qrodriguez@yahoo.com,Finance,Developer,91315.5,21-08-2015
E0864,Eddie Webb,amurphy@yahoo.com,HR,Analyst,63462.78,27-12-2016
E0865,Deanna Ramirez,matthew85@schroeder-phillips.com,IT,Developer,109859.21,28-12-2016
E0866,Jacob Farrell,elijahsmith@nguyen.com,Sales,Engineer,102755.26,25-03-2020
E0867,Robin Crawford,steven39@hotmail.com,IT,Consultant,61997.93,28-07-2022
E0868,Todd Lewis,brandi37@hotmail.com,HR,Analyst,117508.63,02-01-2020
E0869,Jerry Dunn,anna75@fowler-lawrence.com,IT,Manager,58530.89,30-08-2020
E0870,Joanna Parker,shannon80@hotmail.com,IT,Consultant,58165.57,08-11-2023
E0871,Jessica Nicholson,whitesharon@gmail.com,IT,Consultant,96917.98,16-04-2016
E0872,Mark Walker,reyeskevin@yahoo.com,IT,Manager,96202.06,25-01-2020
E0873,Peter Campbell,csantiago@walker.biz,IT,Consultant,91503.58,30-03-2020
E0874,Kelly Stephens,roachcharles@yahoo.com,Marketing,Analyst,88771.83,28-09-2019
E0875,Tiffany Abbott,vortiz@lawrence.com,IT,Consultant,56595.74,09-02-2018
E0876,David Dodson,christopherscott@johnson.com,IT,Manager,72402.58,04-09-2022
E0877,Ricardo Rodriguez,rmerritt@king-walker.com,Sales,Analyst,72327.25,08-07-2020
E0878,Beth Gates,michael35@castillo.com,HR,Manager,41517.86,11-05-2020
E0879,Alfred Hudson,xalexander@gmail.com,Sales,Engineer,77974.78,07-09-2016
E0880,Cameron Guerrero,tranjennifer@miller.com,Finance,Developer,61063.44,16-07-2019
E0881,Christopher Martinez,lauren67@stone-figueroa.biz,Marketing,Developer,78212.85,14-06-2021
E0882,Michael Green,ginaobrien@yahoo.com,Finance,Developer,97018.12,14-06-2016
E0883,Wesley Zavala,lovejoseph@yahoo.com,Marketing,Analyst,44090.51,29-09-2022
E0884,Stephen Pratt,andrew78@west.com,Sales,Consultant,92511.95,21-08-2023
E0885,Charles Johnson,tracy83@allen-jones.org,HR,Manager,104361.89,03-04-2023
E0886,Kara Baird,colechristopher@jones.com,Sales,Engineer,75692.01,23-02-2024
E0887,Dr. Anthony Perkins,vsantos@yahoo.com,Marketing,Manager,104348.95,16-03-2023
E0888,Yvonne Wheeler,david02@gmail.com,HR,Developer,71627.73,28-09-2020
E0889,Austin Garcia,xstanley@yahoo.com,Sales,Analyst,51767.66,31-10-2018
E0890,Justin Stevens,allisonchristopher@gmail.com,Marketing,Consultant,42548.77,23-10-2023
E0891,Kyle Davis,danielle74@cox-wiggins.net,IT,Consultant,60850.06,01-03-2016
E0892,Ryan Hammond,tgarcia@yahoo.com,Sales,Engineer,40412.69,07-12-2023
E0893,Abigail Meyers,erinburns@yahoo.com,IT,Consultant,68515.8,29-09-2017
E0894,Lauren Ferguson,eric09@hotmail.com,HR,Consultant,40547.82,02-08-2015
E0895,Mary Foster,cantrellrobert@hotmail.com,IT,Analyst,71484.75,26-12-2020
E0896,Maria Martin,ggibbs@hotmail.com,HR,Manager,107729.34,25-04-2019
E0897,Katie Brooks,cameronricky@campbell.com,Marketing,Developer,58581.95,14-10-2020
E0898,Alyssa Reed,richardnorton@sweeney.com,Sales,Analyst,82699.43,11-07-2015
E0899,Curtis Tucker,sara38@hotmail.com,HR,Manager,51235.25,23-12-2020
E0900,Christina Mitchell,bakerjennifer@bailey.biz,HR,Consultant,42739.12,02-02-2022
E0901,Kenneth Hebert,uhebert@yahoo.com,Sales,Developer,41486.96,15-08-2024
E0902,Victor Price,jacqueline86@hotmail.com,Sales,Consultant,62918.75,26-08-2016
E0903,Linda Walls,xstewart@gmail.com,Sales,Manager,98249.42,21-08-2022
E0904,Alexandra Campbell,cclarke@gmail.com,Marketing,Manager,113362.22,29-09-2018
E0905,Kayla Key,higginsdarlene@clark-phillips.com,IT,Developer,81531.64,19-12-2023
E0906,Haley Wall,msimmons@yahoo.com,HR,Developer,91660.7,05-06-2017
E0907,Tyrone Long,alex19@bryan-rose.com,Finance,Manager,79370.06,14-08-2024
E0908,Jessica Jenkins,gherman@gmail.com,IT,Developer,87778.03,16-05-2018
E0909,Mark Osborn,robin05@yahoo.com,Marketing,Developer,88546.58,29-11-2015
E0910,Vanessa Thomas,malexander@hotmail.com,HR,Consultant,98329.79,25-01-2023
E0911,James Garcia,daniellegraham@gmail.com,Sales,Consultant,82563.3,22-09-2021
E0912,Stacy Lewis,ajensen@yahoo.com,Finance,Consultant,96023.98,06-09-2024
E0913,Katherine Martinez,hsanchez@gmail.com,IT,Consultant,101870.65,08-07-2023
E0914,Jeremy Gray,richardowens@hotmail.com,Sales,Developer,71137.29,07-08-2021
E0915,Tyler Smith,normanjason@williams.com,Finance,Analyst,56736.05,02-03-2022
E0916,Maria Smith,wmorgan@callahan-figueroa.com,Sales,Manager,81889.63,20-12-2024
E0917,James Bass,michael61@gmail.com,Finance,Consultant,101493.25,01-10-2019
E0918,Christopher Burke,baileyjacob@gmail.com,Sales,Engineer,76472.86,18-01-2024
E0919,Claudia Davis,ashley25@hotmail.com,IT,Analyst,100080.39,12-03-2022
E0920,Jessica Sanchez,wsampson@woods.com,Marketing,Analyst,97796.68,23-12-2017
E0921,Rose Nunez,kmoore@cook.com,Sales,Analyst,102470.43,04-07-2022
E0922,Tammy Neal,wendy50@morris.biz,IT,Consultant,112888.84,29-12-2024
E0923,Ricky Robles,austincannon@gmail.com,Finance,Engineer,98666.2,19-02-2021
E0924,Paige Adams,klin@gmail.com,Finance,Manager,77632.27,21-08-2015
E0925,Mary Hill,cindyfoster@glover-leach.com,HR,Developer,90603.76,07-01-2017
E0926,Sara Davis,doyleterri@yahoo.com,Marketing,Manager,45185.29,05-04-2017
E0927,Robert Riggs,zholmes@hotmail.com,Marketing,Engineer,46734.93,02-08-2020
E0928,Aaron Dixon,catherinecruz@gmail.com,Finance,Consultant,42354.25,05-10-2017
E0929,Aaron Freeman,william73@graham-wells.net,IT,Engineer,45295.85,09-12-2024
E0930,Stephen Turner,dennisedwards@yahoo.com,IT,Engineer,113743.4,14-03-2016
E0931,Brittany Ford,zsimmons@yahoo.com,Sales,Analyst,70084.07,05-07-2021
E0932,Michael Lewis,olong@hotmail.com,Marketing,Analyst,52839.26,02-11-2021
E0933,Rhonda Allen,brettscott@yahoo.com,HR,Manager,108927,09-10-2016
E0934,Scott King,shelia21@lewis-garza.com,HR,Analyst,45126.81,15-09-2021
E0935,Jeffrey Patel,rachel15@martinez.com,HR,Analyst,107943.59,14-06-2021
E0936,Joshua Moreno,owilliams@hotmail.com,Marketing,Engineer,89328.28,26-02-2024
E0937,Sean Page,dbradley@gmail.com,HR,Analyst,109480.1,21-06-2020
E0938,Vincent Sullivan,whitetheresa@hotmail.com,Finance,Manager,87553.45,29-11-2020
E0939,Victoria Lane,lawrencemary@villa.net,Sales,Manager,103877.41,24-01-2022
E0940,Olivia Duke,susanmeyers@yahoo.com,Finance,Engineer,110128.06,17-01-2017
E0941,Keith Moore,jennifervasquez@reyes.com,HR,Consultant,84754.39,19-03-2023
E0942,Steven Allen,julian82@tran-allen.com,Finance,Consultant,43175.45,13-05-2022
E0943,Tyler Walker,troberts@yahoo.com,Finance,Engineer,48618.22,20-12-2022
E0944,Cynthia Rivera,tuckersarah@fowler.com,Sales,Engineer,108162.07,04-12-2019
E0945,David Brown,vickiecook@jenkins.info,IT,Analyst,116644.66,23-06-2017
E0946,Melissa Andrade,nmorales@kelly.com,Sales,Consultant,54282.02,12-11-2016
E0947,Antonio White,jcobb@gmail.com,Marketing,Engineer,54408.12,15-03-2016
E0948,Justin Bailey,luiswright@gmail.com,Marketing,Manager,79371.74,13-06-2021
E0949,Alexander Johnson,rodriguezashley@hotmail.com,Sales,Manager,65305.51,24-11-2020
E0950,Larry Moreno,anthony32@suarez.com,Finance,Engineer,86966.56,04-01-2023
E0951,Robin Johnston,rebecca27@hernandez.com,IT,Analyst,108646.13,01-08-2022
E0952,Tracy Johnson,jeremy35@floyd.org,Finance,Consultant,92313.94,11-09-2019
E0953,Harold Adams,garciakristin@gmail.com,Sales,Manager,40264.53,26-12-2021
E0954,Sandra Bryant,blevinspatrick@stout.com,Finance,Engineer,42601.58,12-01-2020
E0955,Amy Page,ajensen@hotmail.com,HR,Engineer,118813.56,19-02-2017
E0956,Cheryl Lozano,ccortez@gmail.com,Sales,Engineer,69344.41,27-01-2022
E0957,Trevor Colon,awilson@yahoo.com,Finance,Consultant,57508.67,02-04-2024
E0958,Heather Skinner,jeffreyjohnson@robles-duarte.biz,Marketing,Engineer,107206.97,12-06-2019
E0959,Michael Jackson,brian78@powell.com,HR,Analyst,71537.62,06-06-2022
E0960,Bryan Sullivan,hamiltonmary@cook.net,Sales,Developer,44488.08,19-07-2024
E0961,Kaitlin Mayer,jonathan48@butler.com,Finance,Developer,67824.4,13-12-2015
E0962,Debra Zhang,fflynn@hotmail.com,Finance,Engineer,79481.69,18-08-2023
E0963,John Smith,thomas47@gmail.com,HR,Manager,58896.3,16-03-2020
E0964,Aaron Jimenez,megansantos@hotmail.com,Marketing,Developer,79370.73,28-07-2024
E0965,Jordan Thomas MD,teresa15@gmail.com,Sales,Analyst,79562.3,16-03-2023
E0966,Renee Lewis,uclark@bauer-weiss.net,Marketing,Consultant,57650.54,04-01-2020
E0967,Thomas Blankenship,guerreromartin@hotmail.com,Sales,Consultant,115540.31,10-10-2015
E0968,Jesse Stewart,skim@maldonado-lee.com,Sales,Manager,106094.47,03-11-2016
E0969,Jessica Schwartz,mooretanya@gmail.com,HR,Manager,86586.39,16-09-2024
E0970,Jimmy Bates,vsmith@yahoo.com,Finance,Manager,72725.06,12-10-2017
E0971,Stacy Anderson,andrea52@franco.biz,Sales,Engineer,50991.74,16-04-2024
E0972,Corey Miller,robert16@nelson.biz,IT,Consultant,87739.25,24-08-2019
E0973,Heather Estrada,bhanson@lowery-stuart.org,HR,Analyst,45928.35,15-01-2016
E0974,James Rogers,santiagogloria@gmail.com,HR,Engineer,111042.92,05-11-2023
E0975,Carl Vazquez,morenonatasha@diaz.com,IT,Manager,75721.42,25-07-2017
E0976,Raymond Maxwell,dawnwright@garcia-bass.info,IT,Developer,63229.96,15-07-2023
E0977,Jonathan Stephens,tpena@yahoo.com,Marketing,Consultant,113563.65,20-12-2015
E0978,Anthony Salinas,dillonthomas@gmail.com,HR,Consultant,84414.63,06-08-2023
E0979,Alice Thomas,trevinochelsea@thomas.com,HR,Engineer,62161.03,19-08-2018
E0980,Megan Rosales,brittneygarcia@hodges.com,HR,Engineer,65092.01,05-06-2019
E0981,Scott Boyer,kevin98@lee.com,Marketing,Engineer,114855.21,30-05-2015
E0982,Emily Lopez,dannyprice@hotmail.com,Finance,Manager,42233.14,20-04-2023
E0983,Scott Schaefer MD,cynthianguyen@carpenter-caldwell.org,IT,Manager,113550.97,06-04-2021
E0984,Mike Joyce,mccoysabrina@lopez.info,Finance,Manager,56184.53,23-09-2022
E0985,Raymond Long,wongwilliam@yahoo.com,Sales,Manager,101782.9,10-09-2023
E0986,Deborah Ford,christina12@hotmail.com,IT,Analyst,105807.84,30-04-2023
E0987,Megan Smith,mark16@christensen.com,Marketing,Consultant,81874.74,24-04-2023
E0988,Jonathan Maldonado,maria58@stafford.com,Marketing,Manager,72388.35,27-08-2022
E0989,Lori Clark,ashleehuff@gmail.com,HR,Developer,91721.79,03-03-2020
E0990,Tonya Thomas,jessekim@rubio-johnson.com,Finance,Analyst,46726.31,24-03-2016
E0991,Mark Robinson,tperry@yahoo.com,Sales,Engineer,47907.4,29-07-2023
E0992,Robert Tucker,anthonyjennifer@klein-mclean.com,IT,Developer,95112.37,18-01-2021
E0993,Peter Klein,cynthiajensen@jackson.com,HR,Manager,109551.43,15-02-2022
E0994,Sara Richmond,harrybarker@gmail.com,IT,Developer,50769.54,29-09-2019
E0995,Joanne Perez,michael95@morrison.com,Sales,Developer,42826.58,24-08-2018
E0996,Julie Ward,ellistiffany@hotmail.com,HR,Manager,56605.94,30-07-2015
E0997,Amy Rasmussen,plee@gmail.com,Marketing,Engineer,87625.09,17-05-2020
E0998,Norman Brown,gonzalezkathy@woodard.biz,Marketing,Developer,65559.11,12-08-2015
E0999,Michael Young,cmoss@gmail.com,Finance,Analyst,67716.06,20-03-2019
E1000,Mariah Atkins,maylisa@simpson-powell.com,HR,Developer,80009.1,16-10-2017
